file,label
spc_00000.npy,0
spc_00002.npy,0
spc_00003.npy,0
spc_00004.npy,0
spc_00005.npy,1
spc_00006.npy,1
spc_00007.npy,0
spc_00008.npy,0
spc_00009.npy,0
spc_00011.npy,1
spc_00012.npy,0
spc_00013.npy,0
spc_00019.npy,0
spc_00020.npy,0
spc_00022.npy,1
spc_00023.npy,0
spc_00026.npy,0
spc_00027.npy,0
spc_00031.npy,0
spc_00032.npy,0
spc_00034.npy,0
spc_00036.npy,1
spc_00040.npy,1
spc_00041.npy,0
spc_00042.npy,1
spc_00043.npy,0
spc_00044.npy,0
spc_00047.npy,1
spc_00048.npy,0
spc_00049.npy,0
spc_00050.npy,0
spc_00052.npy,0
spc_00053.npy,0
spc_00054.npy,0
spc_00055.npy,0
spc_00059.npy,0
spc_00060.npy,0
spc_00061.npy,0
spc_00062.npy,0
spc_00063.npy,0
spc_00065.npy,1
spc_00066.npy,0
spc_00067.npy,0
spc_00068.npy,1
spc_00069.npy,0
spc_00070.npy,1
spc_00072.npy,0
spc_00073.npy,0
spc_00074.npy,1
spc_00075.npy,1
spc_00076.npy,0
spc_00077.npy,0
spc_00079.npy,0
spc_00080.npy,1
spc_00081.npy,1
spc_00083.npy,0
spc_00084.npy,0
spc_00085.npy,1
spc_00087.npy,1
spc_00088.npy,0
spc_00089.npy,0
spc_00090.npy,0
spc_00091.npy,1
spc_00092.npy,0
spc_00093.npy,1
spc_00095.npy,0
spc_00097.npy,0
spc_00098.npy,1
spc_00099.npy,1
spc_00100.npy,1
spc_00101.npy,1
spc_00104.npy,1
spc_00105.npy,0
spc_00107.npy,0
spc_00108.npy,0
spc_00110.npy,0
spc_00114.npy,1
spc_00115.npy,0
spc_00116.npy,1
spc_00118.npy,0
spc_00119.npy,0
spc_00120.npy,0
spc_00121.npy,0
spc_00122.npy,0
spc_00123.npy,1
spc_00124.npy,1
spc_00125.npy,0
spc_00126.npy,1
spc_00127.npy,1
spc_00128.npy,0
spc_00133.npy,1
spc_00135.npy,0
spc_00136.npy,0
spc_00139.npy,0
spc_00141.npy,0
spc_00142.npy,0
spc_00143.npy,0
spc_00145.npy,1
spc_00147.npy,0
spc_00148.npy,0
spc_00149.npy,0
spc_00150.npy,1
spc_00151.npy,0
spc_00152.npy,0
spc_00153.npy,1
spc_00154.npy,0
spc_00155.npy,0
spc_00156.npy,0
spc_00157.npy,0
spc_00159.npy,0
spc_00162.npy,1
spc_00163.npy,0
spc_00165.npy,0
spc_00166.npy,0
spc_00168.npy,0
spc_00170.npy,0
spc_00173.npy,0
spc_00176.npy,0
spc_00177.npy,0
spc_00179.npy,1
spc_00180.npy,0
spc_00181.npy,1
spc_00182.npy,1
spc_00184.npy,0
spc_00185.npy,0
spc_00186.npy,1
spc_00188.npy,1
spc_00189.npy,0
spc_00192.npy,1
spc_00193.npy,1
spc_00194.npy,1
spc_00195.npy,1
spc_00196.npy,0
spc_00198.npy,1
spc_00199.npy,1
spc_00201.npy,1
spc_00202.npy,1
spc_00204.npy,1
spc_00206.npy,0
spc_00209.npy,0
spc_00210.npy,0
spc_00211.npy,1
spc_00212.npy,1
spc_00213.npy,1
spc_00214.npy,0
spc_00218.npy,0
spc_00219.npy,0
spc_00220.npy,1
spc_00221.npy,0
spc_00222.npy,0
spc_00224.npy,1
spc_00226.npy,0
spc_00229.npy,0
spc_00230.npy,0
spc_00231.npy,0
spc_00232.npy,0
spc_00233.npy,1
spc_00234.npy,0
spc_00235.npy,0
spc_00237.npy,0
spc_00239.npy,0
spc_00240.npy,0
spc_00242.npy,0
spc_00244.npy,1
spc_00246.npy,0
spc_00248.npy,1
spc_00250.npy,1
spc_00252.npy,0
spc_00254.npy,0
spc_00256.npy,0
spc_00257.npy,1
spc_00258.npy,0
spc_00262.npy,0
spc_00263.npy,1
spc_00266.npy,1
spc_00268.npy,0
spc_00269.npy,1
spc_00270.npy,0
spc_00272.npy,1
spc_00273.npy,0
spc_00274.npy,1
spc_00275.npy,1
spc_00276.npy,0
spc_00277.npy,0
spc_00278.npy,0
spc_00279.npy,1
spc_00280.npy,0
spc_00281.npy,0
spc_00283.npy,0
spc_00284.npy,0
spc_00285.npy,0
spc_00286.npy,1
spc_00289.npy,1
spc_00290.npy,0
spc_00291.npy,0
spc_00292.npy,1
spc_00294.npy,0
spc_00295.npy,0
spc_00298.npy,0
spc_00300.npy,1
spc_00301.npy,0
spc_00304.npy,0
spc_00305.npy,0
spc_00306.npy,1
spc_00307.npy,1
spc_00309.npy,0
spc_00310.npy,0
spc_00312.npy,1
spc_00313.npy,1
spc_00315.npy,0
spc_00318.npy,1
spc_00319.npy,0
spc_00320.npy,0
spc_00321.npy,0
spc_00322.npy,0
spc_00326.npy,0
spc_00327.npy,1
spc_00328.npy,0
spc_00330.npy,1
spc_00331.npy,1
spc_00333.npy,0
spc_00335.npy,0
spc_00337.npy,1
spc_00338.npy,1
spc_00339.npy,1
spc_00340.npy,0
spc_00343.npy,0
spc_00344.npy,0
spc_00346.npy,0
spc_00348.npy,0
spc_00349.npy,1
spc_00350.npy,1
spc_00352.npy,0
spc_00354.npy,0
spc_00355.npy,0
spc_00357.npy,1
spc_00359.npy,1
spc_00362.npy,1
spc_00364.npy,1
spc_00367.npy,0
spc_00368.npy,0
spc_00369.npy,1
spc_00370.npy,0
spc_00373.npy,0
spc_00377.npy,1
spc_00380.npy,0
spc_00382.npy,1
spc_00383.npy,1
spc_00385.npy,0
spc_00386.npy,0
spc_00387.npy,1
spc_00390.npy,0
spc_00393.npy,0
spc_00394.npy,0
spc_00395.npy,0
spc_00396.npy,0
spc_00397.npy,0
spc_00402.npy,1
spc_00403.npy,1
spc_00406.npy,1
spc_00407.npy,0
spc_00411.npy,1
spc_00412.npy,1
spc_00417.npy,0
spc_00418.npy,0
spc_00419.npy,1
spc_00421.npy,0
spc_00422.npy,0
spc_00423.npy,1
spc_00425.npy,0
spc_00430.npy,0
spc_00431.npy,1
spc_00434.npy,0
spc_00437.npy,0
spc_00438.npy,1
spc_00439.npy,0
spc_00440.npy,0
spc_00441.npy,1
spc_00442.npy,0
spc_00444.npy,0
spc_00445.npy,0
spc_00447.npy,0
spc_00450.npy,1
spc_00451.npy,1
spc_00452.npy,0
spc_00453.npy,1
spc_00455.npy,0
spc_00456.npy,0
spc_00457.npy,0
spc_00458.npy,0
spc_00459.npy,0
spc_00462.npy,0
spc_00463.npy,1
spc_00465.npy,0
spc_00466.npy,0
spc_00468.npy,0
spc_00469.npy,1
spc_00473.npy,0
spc_00476.npy,0
spc_00477.npy,0
spc_00478.npy,1
spc_00479.npy,0
spc_00480.npy,1
spc_00481.npy,0
spc_00484.npy,0
spc_00485.npy,0
spc_00486.npy,0
spc_00487.npy,1
spc_00488.npy,1
spc_00490.npy,0
spc_00491.npy,1
spc_00492.npy,0
spc_00494.npy,1
spc_00497.npy,0
spc_00498.npy,0
spc_00499.npy,1
spc_00501.npy,0
spc_00503.npy,1
spc_00504.npy,0
spc_00505.npy,1
spc_00506.npy,0
spc_00507.npy,1
spc_00508.npy,0
spc_00509.npy,1
spc_00511.npy,0
spc_00512.npy,1
spc_00517.npy,1
spc_00518.npy,0
spc_00519.npy,0
spc_00521.npy,0
spc_00523.npy,0
spc_00524.npy,1
spc_00525.npy,1
spc_00527.npy,0
spc_00528.npy,0
spc_00529.npy,0
spc_00530.npy,0
spc_00531.npy,0
spc_00533.npy,0
spc_00535.npy,0
spc_00536.npy,0
spc_00537.npy,0
spc_00539.npy,0
spc_00541.npy,0
spc_00542.npy,1
spc_00543.npy,1
spc_00544.npy,0
spc_00545.npy,1
spc_00546.npy,0
spc_00547.npy,1
spc_00548.npy,1
spc_00549.npy,0
spc_00550.npy,0
spc_00551.npy,0
spc_00552.npy,1
spc_00554.npy,0
spc_00555.npy,0
spc_00557.npy,0
spc_00558.npy,0
spc_00559.npy,1
spc_00560.npy,0
spc_00561.npy,1
spc_00562.npy,1
spc_00563.npy,0
spc_00564.npy,0
spc_00566.npy,0
spc_00567.npy,1
spc_00568.npy,1
spc_00572.npy,0
spc_00573.npy,1
spc_00574.npy,0
spc_00575.npy,1
spc_00576.npy,0
spc_00577.npy,0
spc_00580.npy,0
spc_00581.npy,0
spc_00582.npy,0
spc_00583.npy,0
spc_00584.npy,0
spc_00585.npy,0
spc_00586.npy,0
spc_00588.npy,1
spc_00592.npy,1
spc_00594.npy,0
spc_00596.npy,0
spc_00597.npy,0
spc_00600.npy,0
spc_00601.npy,1
spc_00604.npy,1
spc_00605.npy,1
spc_00606.npy,1
spc_00607.npy,0
spc_00610.npy,1
spc_00612.npy,1
spc_00614.npy,0
spc_00615.npy,0
spc_00616.npy,1
spc_00618.npy,1
spc_00620.npy,1
spc_00621.npy,0
spc_00622.npy,0
spc_00623.npy,0
spc_00624.npy,0
spc_00627.npy,0
spc_00628.npy,1
spc_00629.npy,0
spc_00630.npy,0
spc_00633.npy,1
spc_00634.npy,0
spc_00636.npy,1
spc_00640.npy,1
spc_00641.npy,0
spc_00642.npy,0
spc_00643.npy,0
spc_00644.npy,0
spc_00645.npy,0
spc_00646.npy,0
spc_00647.npy,1
spc_00648.npy,0
spc_00651.npy,0
spc_00652.npy,0
spc_00653.npy,0
spc_00655.npy,0
spc_00656.npy,0
spc_00658.npy,0
spc_00659.npy,0
spc_00661.npy,0
spc_00662.npy,1
spc_00664.npy,0
spc_00665.npy,0
spc_00666.npy,0
spc_00667.npy,0
spc_00668.npy,0
spc_00670.npy,0
spc_00673.npy,1
spc_00674.npy,0
spc_00676.npy,0
spc_00678.npy,0
spc_00679.npy,1
spc_00680.npy,0
spc_00682.npy,0
spc_00683.npy,0
spc_00684.npy,0
spc_00685.npy,0
spc_00687.npy,1
spc_00688.npy,0
spc_00693.npy,1
spc_00694.npy,0
spc_00695.npy,0
spc_00696.npy,1
spc_00697.npy,0
spc_00698.npy,0
spc_00699.npy,0
spc_00701.npy,0
spc_00703.npy,0
spc_00704.npy,0
spc_00705.npy,0
spc_00706.npy,0
spc_00707.npy,1
spc_00708.npy,0
spc_00710.npy,0
spc_00712.npy,1
spc_00714.npy,0
spc_00715.npy,1
spc_00718.npy,0
spc_00719.npy,1
spc_00720.npy,0
spc_00721.npy,0
spc_00722.npy,0
spc_00723.npy,0
spc_00724.npy,1
spc_00725.npy,1
spc_00726.npy,0
spc_00727.npy,0
spc_00728.npy,0
spc_00731.npy,0
spc_00732.npy,0
spc_00733.npy,0
spc_00735.npy,0
spc_00737.npy,0
spc_00738.npy,1
spc_00740.npy,0
spc_00741.npy,0
spc_00742.npy,1
spc_00743.npy,0
spc_00744.npy,0
spc_00746.npy,0
spc_00747.npy,0
spc_00748.npy,0
spc_00750.npy,0
spc_00751.npy,0
spc_00752.npy,0
spc_00753.npy,0
spc_00755.npy,0
spc_00756.npy,1
spc_00757.npy,0
spc_00758.npy,0
spc_00760.npy,0
spc_00761.npy,0
spc_00762.npy,0
spc_00763.npy,0
spc_00764.npy,0
spc_00767.npy,1
spc_00768.npy,0
spc_00770.npy,0
spc_00771.npy,0
spc_00772.npy,1
spc_00773.npy,0
spc_00774.npy,0
spc_00775.npy,0
spc_00776.npy,0
spc_00777.npy,0
spc_00780.npy,0
spc_00781.npy,1
spc_00782.npy,0
spc_00784.npy,1
spc_00785.npy,1
spc_00787.npy,0
spc_00788.npy,1
spc_00789.npy,1
spc_00790.npy,0
spc_00791.npy,0
spc_00792.npy,0
spc_00793.npy,0
spc_00794.npy,0
spc_00795.npy,0
spc_00796.npy,0
spc_00797.npy,1
spc_00798.npy,1
spc_00799.npy,0
spc_00800.npy,0
spc_00802.npy,0
spc_00803.npy,1
spc_00805.npy,1
spc_00807.npy,0
spc_00808.npy,1
spc_00809.npy,0
spc_00811.npy,1
spc_00812.npy,0
spc_00815.npy,0
spc_00818.npy,0
spc_00820.npy,1
spc_00822.npy,1
spc_00823.npy,0
spc_00824.npy,0
spc_00825.npy,0
spc_00826.npy,1
spc_00827.npy,0
spc_00828.npy,0
spc_00830.npy,0
spc_00833.npy,1
spc_00834.npy,1
spc_00836.npy,0
spc_00838.npy,1
spc_00839.npy,0
spc_00841.npy,1
spc_00842.npy,0
spc_00845.npy,0
spc_00846.npy,1
spc_00847.npy,1
spc_00848.npy,1
spc_00850.npy,0
spc_00852.npy,0
spc_00853.npy,0
spc_00854.npy,0
spc_00856.npy,1
spc_00857.npy,0
spc_00859.npy,0
spc_00860.npy,1
spc_00862.npy,1
spc_00863.npy,0
spc_00866.npy,1
spc_00867.npy,1
spc_00868.npy,0
spc_00870.npy,0
spc_00872.npy,1
spc_00874.npy,1
spc_00875.npy,0
spc_00876.npy,0
spc_00877.npy,1
spc_00880.npy,0
spc_00881.npy,0
spc_00883.npy,0
spc_00884.npy,0
spc_00885.npy,0
spc_00886.npy,0
spc_00887.npy,0
spc_00888.npy,0
spc_00889.npy,0
spc_00890.npy,0
spc_00891.npy,0
spc_00896.npy,0
spc_00897.npy,1
spc_00899.npy,0
spc_00900.npy,0
spc_00902.npy,0
spc_00903.npy,1
spc_00904.npy,1
spc_00905.npy,0
spc_00906.npy,0
spc_00907.npy,0
spc_00908.npy,0
spc_00909.npy,0
spc_00910.npy,1
spc_00911.npy,1
spc_00912.npy,1
spc_00913.npy,0
spc_00914.npy,0
spc_00915.npy,1
spc_00919.npy,0
spc_00920.npy,0
spc_00921.npy,1
spc_00923.npy,1
spc_00924.npy,1
spc_00925.npy,1
spc_00926.npy,0
spc_00927.npy,0
spc_00928.npy,0
spc_00929.npy,1
spc_00930.npy,0
spc_00931.npy,0
spc_00933.npy,0
spc_00934.npy,1
spc_00935.npy,0
spc_00936.npy,1
spc_00937.npy,1
spc_00938.npy,1
spc_00939.npy,1
spc_00940.npy,0
spc_00941.npy,1
spc_00942.npy,0
spc_00943.npy,0
spc_00944.npy,0
spc_00945.npy,0
spc_00947.npy,0
spc_00948.npy,1
spc_00951.npy,0
spc_00952.npy,0
spc_00956.npy,0
spc_00957.npy,1
spc_00958.npy,0
spc_00959.npy,1
spc_00960.npy,0
spc_00961.npy,0
spc_00962.npy,0
spc_00963.npy,1
spc_00964.npy,0
spc_00965.npy,0
spc_00966.npy,0
spc_00967.npy,0
spc_00968.npy,1
spc_00970.npy,1
spc_00971.npy,0
spc_00972.npy,0
spc_00973.npy,0
spc_00974.npy,0
spc_00976.npy,0
spc_00978.npy,1
spc_00979.npy,1
spc_00981.npy,0
spc_00982.npy,0
spc_00984.npy,0
spc_00986.npy,0
spc_00989.npy,0
spc_00990.npy,1
spc_00991.npy,1
spc_00993.npy,0
spc_00995.npy,0
spc_00996.npy,0
spc_00997.npy,1
spc_00998.npy,1
spc_01000.npy,0
spc_01002.npy,1
spc_01004.npy,0
spc_01008.npy,0
spc_01009.npy,1
spc_01011.npy,1
spc_01014.npy,0
spc_01015.npy,0
spc_01016.npy,0
spc_01017.npy,1
spc_01018.npy,0
spc_01019.npy,1
spc_01021.npy,0
spc_01023.npy,0
spc_01024.npy,1
spc_01029.npy,0
spc_01030.npy,1
spc_01031.npy,1
spc_01032.npy,0
spc_01033.npy,0
spc_01034.npy,0
spc_01035.npy,0
spc_01036.npy,0
spc_01038.npy,1
spc_01040.npy,0
spc_01041.npy,1
spc_01042.npy,0
spc_01043.npy,1
spc_01044.npy,0
spc_01045.npy,1
spc_01047.npy,1
spc_01048.npy,1
spc_01049.npy,0
spc_01050.npy,1
spc_01051.npy,1
spc_01052.npy,0
spc_01055.npy,1
spc_01056.npy,0
spc_01057.npy,1
spc_01058.npy,0
spc_01059.npy,0
spc_01060.npy,1
spc_01061.npy,1
spc_01062.npy,0
spc_01063.npy,1
spc_01064.npy,0
spc_01066.npy,0
spc_01067.npy,0
spc_01068.npy,0
spc_01070.npy,0
spc_01072.npy,0
spc_01073.npy,0
spc_01075.npy,0
spc_01076.npy,1
spc_01077.npy,1
spc_01078.npy,0
spc_01079.npy,1
spc_01080.npy,0
spc_01081.npy,0
spc_01082.npy,0
spc_01083.npy,1
spc_01084.npy,1
spc_01086.npy,1
spc_01087.npy,1
spc_01088.npy,0
spc_01089.npy,1
spc_01090.npy,1
spc_01091.npy,0
spc_01092.npy,0
spc_01093.npy,0
spc_01094.npy,1
spc_01096.npy,0
spc_01097.npy,0
spc_01098.npy,0
spc_01099.npy,1
spc_01100.npy,1
spc_01102.npy,1
spc_01104.npy,0
spc_01106.npy,0
spc_01107.npy,0
spc_01111.npy,0
spc_01112.npy,0
spc_01113.npy,0
spc_01114.npy,0
spc_01116.npy,0
spc_01117.npy,1
spc_01118.npy,0
spc_01119.npy,1
spc_01120.npy,0
spc_01121.npy,0
spc_01122.npy,0
spc_01123.npy,1
spc_01124.npy,1
spc_01125.npy,0
spc_01126.npy,0
spc_01128.npy,0
spc_01129.npy,0
spc_01130.npy,0
spc_01131.npy,0
spc_01132.npy,1
spc_01133.npy,1
spc_01134.npy,1
spc_01135.npy,0
spc_01136.npy,0
spc_01138.npy,0
spc_01139.npy,1
spc_01140.npy,1
spc_01142.npy,0
spc_01143.npy,1
spc_01144.npy,0
spc_01146.npy,0
spc_01149.npy,0
spc_01150.npy,1
spc_01152.npy,0
spc_01153.npy,0
spc_01154.npy,1
spc_01155.npy,1
spc_01156.npy,0
spc_01157.npy,0
spc_01158.npy,1
spc_01159.npy,1
spc_01160.npy,0
spc_01162.npy,0
spc_01163.npy,0
spc_01164.npy,0
spc_01165.npy,0
spc_01166.npy,0
spc_01169.npy,1
spc_01170.npy,0
spc_01171.npy,1
spc_01172.npy,0
spc_01173.npy,0
spc_01174.npy,0
spc_01175.npy,0
spc_01176.npy,0
spc_01177.npy,1
spc_01178.npy,0
spc_01179.npy,0
spc_01180.npy,1
spc_01181.npy,1
spc_01182.npy,0
spc_01184.npy,1
spc_01187.npy,1
spc_01189.npy,0
spc_01190.npy,0
spc_01192.npy,0
spc_01193.npy,0
spc_01194.npy,1
spc_01195.npy,0
spc_01198.npy,0
spc_01199.npy,0
spc_01201.npy,0
spc_01203.npy,0
spc_01204.npy,0
spc_01206.npy,1
spc_01207.npy,0
spc_01208.npy,0
spc_01209.npy,1
spc_01210.npy,0
spc_01211.npy,0
spc_01213.npy,1
spc_01216.npy,0
spc_01218.npy,1
spc_01220.npy,0
spc_01221.npy,0
spc_01222.npy,0
spc_01223.npy,0
spc_01224.npy,0
spc_01225.npy,0
spc_01227.npy,0
spc_01229.npy,1
spc_01230.npy,0
spc_01232.npy,0
spc_01233.npy,0
spc_01234.npy,1
spc_01235.npy,1
spc_01236.npy,0
spc_01237.npy,0
spc_01238.npy,0
spc_01239.npy,1
spc_01241.npy,0
spc_01242.npy,0
spc_01245.npy,0
spc_01246.npy,0
spc_01249.npy,0
spc_01250.npy,0
spc_01251.npy,1
spc_01254.npy,0
spc_01255.npy,0
spc_01257.npy,0
spc_01258.npy,0
spc_01259.npy,0
spc_01260.npy,0
spc_01261.npy,1
spc_01265.npy,0
spc_01266.npy,0
spc_01267.npy,0
spc_01268.npy,0
spc_01269.npy,0
spc_01270.npy,0
spc_01271.npy,0
spc_01272.npy,1
spc_01273.npy,0
spc_01274.npy,1
spc_01275.npy,0
spc_01276.npy,1
spc_01277.npy,0
spc_01279.npy,1
spc_01282.npy,1
spc_01285.npy,0
spc_01286.npy,0
spc_01287.npy,0
spc_01288.npy,0
spc_01290.npy,0
spc_01291.npy,0
spc_01294.npy,0
spc_01295.npy,0
spc_01297.npy,1
spc_01298.npy,0
spc_01299.npy,0
spc_01302.npy,0
spc_01303.npy,0
spc_01305.npy,1
spc_01306.npy,0
spc_01307.npy,0
spc_01308.npy,1
spc_01309.npy,0
spc_01310.npy,1
spc_01313.npy,1
spc_01317.npy,0
spc_01319.npy,0
spc_01320.npy,0
spc_01321.npy,0
spc_01322.npy,0
spc_01324.npy,0
spc_01325.npy,0
spc_01326.npy,0
spc_01330.npy,0
spc_01332.npy,1
spc_01334.npy,0
spc_01336.npy,0
spc_01337.npy,0
spc_01339.npy,1
spc_01341.npy,0
spc_01342.npy,1
spc_01343.npy,0
spc_01345.npy,1
spc_01348.npy,0
spc_01352.npy,0
spc_01353.npy,0
spc_01355.npy,0
spc_01356.npy,0
spc_01357.npy,0
spc_01358.npy,1
spc_01359.npy,0
spc_01360.npy,0
spc_01361.npy,1
spc_01363.npy,1
spc_01364.npy,1
spc_01365.npy,1
spc_01366.npy,0
spc_01367.npy,0
spc_01369.npy,0
spc_01370.npy,0
spc_01372.npy,1
spc_01373.npy,0
spc_01374.npy,0
spc_01375.npy,0
spc_01376.npy,0
spc_01378.npy,1
spc_01379.npy,0
spc_01380.npy,0
spc_01381.npy,1
spc_01382.npy,0
spc_01383.npy,0
spc_01384.npy,1
spc_01385.npy,0
spc_01388.npy,0
spc_01390.npy,0
spc_01391.npy,0
spc_01394.npy,1
spc_01395.npy,0
spc_01397.npy,0
spc_01398.npy,0
spc_01400.npy,0
spc_01401.npy,0
spc_01402.npy,0
spc_01403.npy,0
spc_01406.npy,0
spc_01407.npy,1
spc_01408.npy,1
spc_01410.npy,0
spc_01411.npy,0
spc_01412.npy,0
spc_01413.npy,0
spc_01417.npy,1
spc_01418.npy,1
spc_01422.npy,0
spc_01425.npy,0
spc_01427.npy,0
spc_01429.npy,0
spc_01433.npy,0
spc_01434.npy,0
spc_01436.npy,1
spc_01438.npy,1
spc_01439.npy,0
spc_01441.npy,0
spc_01443.npy,0
spc_01444.npy,1
spc_01446.npy,0
spc_01448.npy,0
spc_01450.npy,0
spc_01451.npy,0
spc_01453.npy,0
spc_01454.npy,0
spc_01455.npy,1
spc_01457.npy,0
spc_01460.npy,0
spc_01463.npy,0
spc_01465.npy,0
spc_01466.npy,0
spc_01467.npy,1
spc_01468.npy,0
spc_01469.npy,0
spc_01470.npy,0
spc_01471.npy,0
spc_01472.npy,0
spc_01476.npy,0
spc_01477.npy,1
spc_01478.npy,0
spc_01479.npy,1
spc_01480.npy,1
spc_01481.npy,0
spc_01483.npy,0
spc_01484.npy,0
spc_01485.npy,1
spc_01486.npy,0
spc_01489.npy,1
spc_01490.npy,1
spc_01491.npy,0
spc_01492.npy,0
spc_01493.npy,0
spc_01494.npy,1
spc_01495.npy,1
spc_01500.npy,1
spc_01501.npy,0
spc_01502.npy,0
spc_01504.npy,0
spc_01508.npy,0
spc_01509.npy,0
spc_01510.npy,0
spc_01512.npy,1
spc_01514.npy,0
spc_01515.npy,0
spc_01516.npy,0
spc_01517.npy,0
spc_01518.npy,0
spc_01520.npy,0
spc_01521.npy,0
spc_01522.npy,0
spc_01526.npy,0
spc_01530.npy,0
spc_01531.npy,1
spc_01532.npy,0
spc_01533.npy,1
spc_01534.npy,0
spc_01536.npy,0
spc_01537.npy,0
spc_01538.npy,1
spc_01539.npy,0
spc_01540.npy,1
spc_01545.npy,0
spc_01546.npy,1
spc_01547.npy,0
spc_01548.npy,0
spc_01549.npy,0
spc_01551.npy,1
spc_01552.npy,0
spc_01553.npy,0
spc_01555.npy,1
spc_01561.npy,1
spc_01562.npy,1
spc_01563.npy,1
spc_01564.npy,0
spc_01567.npy,0
spc_01568.npy,0
spc_01569.npy,1
spc_01571.npy,1
spc_01573.npy,0
spc_01574.npy,0
spc_01576.npy,0
spc_01578.npy,0
spc_01580.npy,1
spc_01581.npy,1
spc_01584.npy,1
spc_01586.npy,1
spc_01587.npy,1
spc_01588.npy,0
spc_01589.npy,0
spc_01591.npy,0
spc_01592.npy,0
spc_01593.npy,1
spc_01594.npy,1
spc_01595.npy,0
spc_01597.npy,0
spc_01598.npy,1
spc_01599.npy,1
spc_01600.npy,1
spc_01601.npy,1
spc_01603.npy,1
spc_01604.npy,1
spc_01605.npy,0
spc_01606.npy,0
spc_01608.npy,0
spc_01611.npy,0
spc_01612.npy,1
spc_01613.npy,1
spc_01615.npy,1
spc_01617.npy,0
spc_01619.npy,1
spc_01620.npy,0
spc_01621.npy,0
spc_01622.npy,1
spc_01623.npy,0
spc_01625.npy,0
spc_01627.npy,1
spc_01628.npy,0
spc_01630.npy,0
spc_01631.npy,0
spc_01632.npy,0
spc_01633.npy,0
spc_01634.npy,1
spc_01636.npy,0
spc_01639.npy,0
spc_01641.npy,0
spc_01642.npy,0
spc_01647.npy,0
spc_01648.npy,0
spc_01650.npy,0
spc_01651.npy,0
spc_01652.npy,1
spc_01653.npy,1
spc_01657.npy,0
spc_01658.npy,0
spc_01659.npy,0
spc_01660.npy,0
spc_01662.npy,0
spc_01663.npy,0
spc_01664.npy,0
spc_01665.npy,0
spc_01669.npy,1
spc_01671.npy,0
spc_01673.npy,0
spc_01677.npy,1
spc_01679.npy,0
spc_01681.npy,0
spc_01682.npy,1
spc_01683.npy,0
spc_01684.npy,0
spc_01685.npy,0
spc_01686.npy,0
spc_01687.npy,0
spc_01688.npy,0
spc_01689.npy,0
spc_01690.npy,1
spc_01692.npy,0
spc_01694.npy,0
spc_01696.npy,1
spc_01698.npy,1
spc_01699.npy,0
spc_01701.npy,1
spc_01702.npy,0
spc_01703.npy,0
spc_01704.npy,0
spc_01706.npy,0
spc_01707.npy,1
spc_01709.npy,0
spc_01710.npy,1
spc_01711.npy,0
spc_01712.npy,1
spc_01713.npy,0
spc_01714.npy,0
spc_01715.npy,0
spc_01717.npy,1
spc_01718.npy,0
spc_01720.npy,0
spc_01723.npy,0
spc_01725.npy,1
spc_01726.npy,0
spc_01727.npy,0
spc_01729.npy,0
spc_01730.npy,0
spc_01731.npy,0
spc_01733.npy,1
spc_01736.npy,0
spc_01737.npy,0
spc_01738.npy,1
spc_01740.npy,1
spc_01741.npy,1
spc_01743.npy,0
spc_01746.npy,1
spc_01747.npy,1
spc_01749.npy,1
spc_01750.npy,0
spc_01753.npy,1
spc_01756.npy,0
spc_01757.npy,0
spc_01758.npy,1
spc_01759.npy,0
spc_01760.npy,0
spc_01761.npy,1
spc_01762.npy,1
spc_01763.npy,0
spc_01764.npy,0
spc_01765.npy,0
spc_01769.npy,0
spc_01773.npy,0
spc_01775.npy,1
spc_01776.npy,0
spc_01777.npy,0
spc_01778.npy,0
spc_01781.npy,0
spc_01783.npy,1
spc_01784.npy,0
spc_01785.npy,0
spc_01787.npy,1
spc_01788.npy,1
spc_01789.npy,0
spc_01790.npy,1
spc_01791.npy,0
spc_01794.npy,0
spc_01796.npy,1
spc_01797.npy,0
spc_01798.npy,0
spc_01799.npy,1
spc_01800.npy,0
spc_01803.npy,0
spc_01805.npy,1
spc_01806.npy,0
spc_01808.npy,0
spc_01809.npy,0
spc_01810.npy,0
spc_01811.npy,1
spc_01812.npy,1
spc_01814.npy,0
spc_01817.npy,0
spc_01819.npy,0
spc_01820.npy,0
spc_01822.npy,1
spc_01823.npy,1
spc_01824.npy,0
spc_01825.npy,0
spc_01826.npy,1
spc_01827.npy,0
spc_01829.npy,0
spc_01830.npy,1
spc_01831.npy,0
spc_01833.npy,0
spc_01834.npy,0
spc_01835.npy,1
spc_01836.npy,1
spc_01837.npy,1
spc_01838.npy,0
spc_01839.npy,1
spc_01841.npy,1
spc_01842.npy,1
spc_01843.npy,0
spc_01845.npy,1
spc_01846.npy,1
spc_01847.npy,0
spc_01849.npy,1
spc_01850.npy,1
spc_01851.npy,0
spc_01853.npy,1
spc_01854.npy,0
spc_01855.npy,0
spc_01857.npy,0
spc_01859.npy,0
spc_01860.npy,1
spc_01861.npy,0
spc_01866.npy,0
spc_01868.npy,0
spc_01869.npy,1
spc_01870.npy,1
spc_01871.npy,1
spc_01873.npy,0
spc_01874.npy,0
spc_01875.npy,1
spc_01876.npy,0
spc_01877.npy,1
spc_01878.npy,0
spc_01880.npy,0
spc_01881.npy,0
spc_01882.npy,1
spc_01883.npy,0
spc_01884.npy,1
spc_01885.npy,0
spc_01886.npy,0
spc_01887.npy,1
spc_01888.npy,0
spc_01889.npy,1
spc_01890.npy,1
spc_01894.npy,0
spc_01895.npy,1
spc_01899.npy,1
spc_01901.npy,0
spc_01903.npy,1
spc_01904.npy,0
spc_01905.npy,0
spc_01906.npy,1
spc_01910.npy,1
spc_01911.npy,0
spc_01912.npy,0
spc_01913.npy,0
spc_01914.npy,0
spc_01915.npy,1
spc_01917.npy,0
spc_01919.npy,0
spc_01920.npy,0
spc_01922.npy,0
spc_01925.npy,0
spc_01927.npy,1
spc_01928.npy,1
spc_01929.npy,0
spc_01930.npy,0
spc_01931.npy,0
spc_01934.npy,0
spc_01935.npy,0
spc_01937.npy,1
spc_01939.npy,1
spc_01940.npy,0
spc_01941.npy,0
spc_01943.npy,0
spc_01944.npy,1
spc_01946.npy,0
spc_01947.npy,0
spc_01949.npy,0
spc_01950.npy,0
spc_01952.npy,0
spc_01955.npy,1
spc_01957.npy,0
spc_01958.npy,1
spc_01959.npy,0
spc_01960.npy,1
spc_01962.npy,0
spc_01964.npy,1
spc_01965.npy,1
spc_01966.npy,0
spc_01967.npy,1
spc_01968.npy,0
spc_01970.npy,0
spc_01971.npy,0
spc_01973.npy,1
spc_01977.npy,0
spc_01978.npy,1
spc_01979.npy,0
spc_01980.npy,0
spc_01982.npy,0
spc_01983.npy,1
spc_01987.npy,0
spc_01989.npy,0
spc_01990.npy,0
spc_01991.npy,0
spc_01992.npy,1
spc_01993.npy,1
spc_01995.npy,0
spc_01996.npy,0
spc_01997.npy,1
spc_01998.npy,0
spc_01999.npy,0
spc_02000.npy,0
spc_02001.npy,0
spc_02002.npy,0
spc_02003.npy,0
spc_02004.npy,0
spc_02007.npy,0
spc_02009.npy,0
spc_02010.npy,1
spc_02011.npy,0
spc_02012.npy,1
spc_02013.npy,1
spc_02018.npy,0
spc_02021.npy,0
spc_02022.npy,0
spc_02024.npy,0
spc_02025.npy,1
spc_02026.npy,1
spc_02027.npy,0
spc_02028.npy,0
spc_02029.npy,0
spc_02030.npy,0
spc_02033.npy,1
spc_02035.npy,0
spc_02036.npy,1
spc_02037.npy,0
spc_02038.npy,0
spc_02039.npy,0
spc_02040.npy,0
spc_02042.npy,0
spc_02043.npy,0
spc_02045.npy,1
spc_02046.npy,0
spc_02047.npy,0
spc_02048.npy,0
spc_02049.npy,0
spc_02050.npy,1
spc_02051.npy,0
spc_02052.npy,1
spc_02054.npy,0
spc_02055.npy,0
spc_02056.npy,1
spc_02057.npy,1
spc_02059.npy,0
spc_02060.npy,0
spc_02061.npy,0
spc_02062.npy,1
spc_02064.npy,1
spc_02065.npy,0
spc_02066.npy,1
spc_02067.npy,1
spc_02071.npy,1
spc_02073.npy,1
spc_02074.npy,1
spc_02075.npy,0
spc_02076.npy,0
spc_02077.npy,0
spc_02078.npy,0
spc_02079.npy,1
spc_02081.npy,0
spc_02082.npy,1
spc_02083.npy,0
spc_02084.npy,0
spc_02087.npy,0
spc_02088.npy,1
spc_02090.npy,0
spc_02091.npy,1
spc_02092.npy,0
spc_02094.npy,0
spc_02095.npy,1
spc_02099.npy,0
spc_02100.npy,0
spc_02102.npy,0
spc_02104.npy,1
spc_02105.npy,0
spc_02106.npy,0
spc_02107.npy,0
spc_02109.npy,0
spc_02110.npy,0
spc_02113.npy,1
spc_02115.npy,0
spc_02116.npy,0
spc_02118.npy,1
spc_02122.npy,0
spc_02125.npy,0
spc_02127.npy,1
spc_02128.npy,0
spc_02130.npy,0
spc_02131.npy,0
spc_02134.npy,0
spc_02135.npy,0
spc_02136.npy,1
spc_02138.npy,1
spc_02139.npy,1
spc_02142.npy,0
spc_02146.npy,0
spc_02148.npy,1
spc_02149.npy,1
spc_02151.npy,0
spc_02152.npy,0
spc_02153.npy,1
spc_02154.npy,0
spc_02155.npy,0
spc_02156.npy,0
spc_02157.npy,0
spc_02158.npy,1
spc_02159.npy,0
spc_02160.npy,0
spc_02161.npy,0
spc_02162.npy,0
spc_02163.npy,0
spc_02164.npy,0
spc_02165.npy,0
spc_02167.npy,1
spc_02168.npy,0
spc_02169.npy,0
spc_02170.npy,1
spc_02171.npy,0
spc_02172.npy,0
spc_02173.npy,0
spc_02174.npy,1
spc_02176.npy,1
spc_02177.npy,0
spc_02180.npy,1
spc_02181.npy,0
spc_02182.npy,1
spc_02183.npy,0
spc_02184.npy,1
spc_02185.npy,1
spc_02187.npy,0
spc_02188.npy,0
spc_02192.npy,0
spc_02193.npy,0
spc_02194.npy,0
spc_02195.npy,1
spc_02196.npy,0
spc_02197.npy,1
spc_02200.npy,0
spc_02201.npy,0
spc_02202.npy,1
spc_02204.npy,1
spc_02206.npy,0
spc_02207.npy,0
spc_02208.npy,1
spc_02209.npy,0
spc_02211.npy,0
spc_02212.npy,1
spc_02213.npy,0
spc_02214.npy,1
spc_02215.npy,0
spc_02216.npy,0
spc_02217.npy,1
spc_02219.npy,0
spc_02220.npy,0
spc_02221.npy,1
spc_02222.npy,1
spc_02224.npy,0
spc_02226.npy,0
spc_02228.npy,1
spc_02229.npy,1
spc_02230.npy,1
spc_02233.npy,0
spc_02234.npy,1
spc_02235.npy,0
spc_02238.npy,1
spc_02239.npy,0
spc_02241.npy,0
spc_02242.npy,0
spc_02243.npy,1
spc_02244.npy,0
spc_02246.npy,0
spc_02247.npy,0
spc_02249.npy,0
spc_02250.npy,0
spc_02253.npy,0
spc_02254.npy,0
spc_02255.npy,0
spc_02256.npy,0
spc_02257.npy,0
spc_02261.npy,0
spc_02262.npy,1
spc_02263.npy,0
spc_02264.npy,0
spc_02265.npy,1
spc_02266.npy,0
spc_02267.npy,0
spc_02268.npy,0
spc_02269.npy,0
spc_02270.npy,1
spc_02272.npy,0
spc_02273.npy,0
spc_02277.npy,0
spc_02281.npy,0
spc_02282.npy,0
spc_02283.npy,0
spc_02284.npy,0
spc_02286.npy,0
spc_02287.npy,0
spc_02289.npy,0
spc_02291.npy,1
spc_02292.npy,0
spc_02293.npy,0
spc_02294.npy,1
spc_02295.npy,1
spc_02296.npy,0
spc_02297.npy,1
spc_02298.npy,0
spc_02300.npy,1
spc_02301.npy,0
spc_02302.npy,1
spc_02303.npy,0
spc_02304.npy,0
spc_02306.npy,0
spc_02307.npy,0
spc_02308.npy,0
spc_02309.npy,1
spc_02311.npy,0
spc_02312.npy,0
spc_02313.npy,1
spc_02314.npy,1
spc_02315.npy,1
spc_02316.npy,0
spc_02317.npy,1
spc_02318.npy,0
spc_02319.npy,1
spc_02320.npy,1
spc_02321.npy,0
spc_02322.npy,0
spc_02323.npy,0
spc_02325.npy,0
spc_02326.npy,0
spc_02327.npy,0
spc_02328.npy,1
spc_02330.npy,1
spc_02331.npy,1
spc_02332.npy,0
spc_02333.npy,0
spc_02334.npy,0
spc_02336.npy,0
spc_02337.npy,1
spc_02338.npy,0
spc_02339.npy,0
spc_02340.npy,1
spc_02341.npy,0
spc_02342.npy,0
spc_02345.npy,1
spc_02346.npy,0
spc_02347.npy,1
spc_02350.npy,0
spc_02352.npy,1
spc_02353.npy,1
spc_02354.npy,0
spc_02355.npy,0
spc_02358.npy,1
spc_02359.npy,0
spc_02361.npy,0
spc_02362.npy,1
spc_02363.npy,1
spc_02364.npy,0
spc_02365.npy,0
spc_02366.npy,0
spc_02370.npy,1
spc_02371.npy,0
spc_02372.npy,1
spc_02373.npy,0
spc_02376.npy,0
spc_02379.npy,0
spc_02380.npy,1
spc_02381.npy,0
spc_02384.npy,0
spc_02386.npy,0
spc_02387.npy,0
spc_02388.npy,0
spc_02390.npy,0
spc_02394.npy,1
spc_02395.npy,0
spc_02396.npy,0
spc_02399.npy,0
spc_02402.npy,0
spc_02403.npy,0
spc_02405.npy,0
spc_02408.npy,0
spc_02409.npy,0
spc_02410.npy,1
spc_02412.npy,1
spc_02413.npy,1
spc_02414.npy,0
spc_02415.npy,1
spc_02416.npy,0
spc_02418.npy,0
spc_02419.npy,0
spc_02420.npy,0
spc_02424.npy,0
spc_02425.npy,0
spc_02428.npy,0
spc_02431.npy,0
spc_02433.npy,1
spc_02434.npy,0
spc_02436.npy,0
spc_02437.npy,0
spc_02440.npy,1
spc_02441.npy,1
spc_02443.npy,1
spc_02445.npy,0
spc_02446.npy,0
spc_02447.npy,0
spc_02448.npy,0
spc_02449.npy,1
spc_02450.npy,0
spc_02451.npy,0
spc_02453.npy,1
spc_02454.npy,0
spc_02455.npy,0
spc_02458.npy,0
spc_02460.npy,0
spc_02462.npy,1
spc_02466.npy,0
spc_02467.npy,0
spc_02471.npy,0
spc_02473.npy,1
spc_02474.npy,0
spc_02476.npy,0
spc_02477.npy,0
spc_02479.npy,0
spc_02480.npy,0
spc_02482.npy,1
spc_02484.npy,1
spc_02485.npy,0
spc_02486.npy,1
spc_02487.npy,0
spc_02488.npy,0
spc_02489.npy,0
spc_02490.npy,0
spc_02491.npy,0
spc_02492.npy,1
spc_02493.npy,0
spc_02494.npy,0
spc_02495.npy,0
spc_02496.npy,0
spc_02499.npy,0
spc_02501.npy,1
spc_02502.npy,1
spc_02503.npy,0
spc_02505.npy,1
spc_02506.npy,0
spc_02507.npy,0
spc_02508.npy,0
spc_02509.npy,0
spc_02511.npy,1
spc_02512.npy,1
spc_02515.npy,0
spc_02516.npy,1
spc_02517.npy,1
spc_02519.npy,0
spc_02520.npy,0
spc_02521.npy,0
spc_02523.npy,1
spc_02524.npy,1
spc_02525.npy,0
spc_02527.npy,0
spc_02528.npy,1
spc_02529.npy,1
spc_02531.npy,0
spc_02533.npy,0
spc_02535.npy,0
spc_02536.npy,0
spc_02539.npy,1
spc_02540.npy,0
spc_02543.npy,0
spc_02544.npy,0
spc_02545.npy,1
spc_02546.npy,1
spc_02547.npy,0
spc_02549.npy,0
spc_02550.npy,0
spc_02551.npy,0
spc_02557.npy,1
spc_02558.npy,1
spc_02559.npy,0
spc_02562.npy,0
spc_02563.npy,1
spc_02564.npy,1
spc_02565.npy,0
spc_02566.npy,1
spc_02567.npy,0
spc_02568.npy,0
spc_02569.npy,0
spc_02570.npy,0
spc_02571.npy,0
spc_02572.npy,1
spc_02573.npy,0
spc_02576.npy,0
spc_02580.npy,0
spc_02581.npy,0
spc_02582.npy,0
spc_02583.npy,0
spc_02585.npy,0
spc_02586.npy,0
spc_02588.npy,0
spc_02589.npy,0
spc_02590.npy,1
spc_02591.npy,1
spc_02592.npy,0
spc_02597.npy,1
spc_02598.npy,0
spc_02599.npy,0
spc_02603.npy,0
spc_02604.npy,0
spc_02607.npy,0
spc_02608.npy,1
spc_02610.npy,1
spc_02612.npy,1
spc_02613.npy,0
spc_02616.npy,0
spc_02617.npy,0
spc_02618.npy,0
spc_02620.npy,0
spc_02621.npy,0
spc_02623.npy,0
spc_02626.npy,0
spc_02627.npy,0
spc_02628.npy,0
spc_02629.npy,0
spc_02630.npy,0
spc_02631.npy,0
spc_02632.npy,0
spc_02635.npy,0
spc_02636.npy,0
spc_02640.npy,1
spc_02641.npy,1
spc_02642.npy,0
spc_02645.npy,1
spc_02646.npy,1
spc_02647.npy,0
spc_02648.npy,0
spc_02650.npy,0
spc_02652.npy,1
spc_02654.npy,1
spc_02655.npy,0
spc_02656.npy,0
spc_02657.npy,1
spc_02659.npy,1
spc_02660.npy,1
spc_02662.npy,1
spc_02663.npy,1
spc_02664.npy,1
spc_02665.npy,1
spc_02666.npy,0
spc_02667.npy,0
spc_02668.npy,0
spc_02670.npy,1
spc_02673.npy,0
spc_02675.npy,1
spc_02680.npy,1
spc_02681.npy,1
spc_02682.npy,1
spc_02684.npy,1
spc_02685.npy,0
spc_02686.npy,0
spc_02687.npy,0
spc_02689.npy,1
spc_02690.npy,0
spc_02691.npy,0
spc_02692.npy,0
spc_02695.npy,1
spc_02699.npy,0
spc_02700.npy,1
spc_02702.npy,0
spc_02703.npy,0
spc_02705.npy,1
spc_02706.npy,1
spc_02707.npy,1
spc_02711.npy,1
spc_02714.npy,0
spc_02715.npy,1
spc_02716.npy,0
spc_02717.npy,0
spc_02719.npy,0
spc_02720.npy,0
spc_02721.npy,1
spc_02722.npy,1
spc_02724.npy,1
spc_02731.npy,0
spc_02732.npy,1
spc_02733.npy,0
spc_02736.npy,0
spc_02737.npy,0
spc_02738.npy,0
spc_02739.npy,0
spc_02741.npy,0
spc_02742.npy,0
spc_02743.npy,0
spc_02745.npy,0
spc_02747.npy,1
spc_02748.npy,0
spc_02749.npy,0
spc_02750.npy,0
spc_02751.npy,0
spc_02754.npy,0
spc_02757.npy,1
spc_02758.npy,0
spc_02759.npy,0
spc_02761.npy,0
spc_02762.npy,0
spc_02763.npy,0
spc_02764.npy,0
spc_02765.npy,0
spc_02766.npy,0
spc_02767.npy,0
spc_02768.npy,0
spc_02770.npy,0
spc_02773.npy,0
spc_02774.npy,1
spc_02775.npy,0
spc_02778.npy,0
spc_02779.npy,0
spc_02780.npy,1
spc_02782.npy,0
spc_02783.npy,0
spc_02788.npy,1
spc_02789.npy,1
spc_02790.npy,1
spc_02791.npy,1
spc_02793.npy,0
spc_02795.npy,1
spc_02797.npy,0
spc_02799.npy,1
spc_02800.npy,1
spc_02801.npy,0
spc_02802.npy,0
spc_02804.npy,1
spc_02805.npy,1
spc_02807.npy,1
spc_02808.npy,0
spc_02809.npy,0
spc_02810.npy,0
spc_02811.npy,0
spc_02813.npy,0
spc_02814.npy,1
spc_02817.npy,1
spc_02818.npy,0
spc_02819.npy,0
spc_02820.npy,1
spc_02822.npy,0
spc_02824.npy,0
spc_02826.npy,0
spc_02830.npy,1
spc_02831.npy,0
spc_02832.npy,0
spc_02833.npy,1
spc_02835.npy,1
spc_02836.npy,0
spc_02838.npy,1
spc_02839.npy,0
spc_02840.npy,1
spc_02843.npy,0
spc_02844.npy,0
spc_02845.npy,0
spc_02847.npy,0
spc_02848.npy,1
spc_02852.npy,0
spc_02853.npy,0
spc_02854.npy,0
spc_02855.npy,1
spc_02856.npy,0
spc_02857.npy,0
spc_02858.npy,0
spc_02860.npy,1
spc_02861.npy,0
spc_02863.npy,1
spc_02864.npy,0
spc_02865.npy,1
spc_02866.npy,0
spc_02867.npy,1
spc_02868.npy,0
spc_02869.npy,0
spc_02870.npy,0
spc_02873.npy,0
spc_02874.npy,0
spc_02875.npy,0
spc_02876.npy,0
spc_02879.npy,0
spc_02883.npy,0
spc_02886.npy,0
spc_02888.npy,0
spc_02890.npy,0
spc_02893.npy,1
spc_02894.npy,1
spc_02895.npy,0
spc_02896.npy,0
spc_02897.npy,0
spc_02898.npy,1
spc_02899.npy,0
spc_02901.npy,0
spc_02903.npy,0
spc_02904.npy,0
spc_02905.npy,1
spc_02909.npy,0
spc_02910.npy,0
spc_02912.npy,1
spc_02913.npy,1
spc_02914.npy,1
spc_02915.npy,0
spc_02917.npy,0
spc_02918.npy,0
spc_02920.npy,0
spc_02921.npy,0
spc_02922.npy,0
spc_02923.npy,1
spc_02924.npy,1
spc_02925.npy,0
spc_02926.npy,0
spc_02928.npy,0
spc_02929.npy,1
spc_02930.npy,1
spc_02931.npy,0
spc_02932.npy,1
spc_02933.npy,1
spc_02934.npy,1
spc_02936.npy,0
spc_02938.npy,1
spc_02939.npy,1
spc_02940.npy,1
spc_02941.npy,0
spc_02945.npy,0
spc_02946.npy,0
spc_02947.npy,0
spc_02949.npy,0
spc_02950.npy,0
spc_02953.npy,1
spc_02954.npy,1
spc_02956.npy,0
spc_02958.npy,0
spc_02961.npy,1
spc_02962.npy,1
spc_02963.npy,0
spc_02964.npy,0
spc_02965.npy,0
spc_02966.npy,0
spc_02968.npy,1
spc_02970.npy,1
spc_02971.npy,1
spc_02972.npy,0
spc_02973.npy,0
spc_02974.npy,0
spc_02975.npy,0
spc_02976.npy,0
spc_02977.npy,1
spc_02980.npy,0
spc_02983.npy,0
spc_02985.npy,1
spc_02989.npy,0
spc_02990.npy,1
spc_02991.npy,0
spc_02992.npy,0
spc_02993.npy,1
spc_02994.npy,0
spc_02995.npy,0
spc_02997.npy,1
spc_02998.npy,1
spc_03000.npy,0
spc_03001.npy,1
spc_03003.npy,0
spc_03004.npy,0
spc_03005.npy,1
spc_03007.npy,1
spc_03008.npy,0
spc_03009.npy,1
spc_03010.npy,0
spc_03011.npy,1
spc_03012.npy,0
spc_03015.npy,0
spc_03016.npy,0
spc_03017.npy,1
spc_03018.npy,0
spc_03019.npy,0
spc_03020.npy,1
spc_03021.npy,1
spc_03023.npy,0
spc_03024.npy,0
spc_03025.npy,0
spc_03027.npy,0
spc_03028.npy,0
spc_03030.npy,0
spc_03031.npy,1
spc_03032.npy,0
spc_03036.npy,1
spc_03038.npy,0
spc_03039.npy,1
spc_03040.npy,0
spc_03043.npy,0
spc_03044.npy,0
spc_03045.npy,0
spc_03047.npy,0
spc_03049.npy,0
spc_03050.npy,0
spc_03051.npy,0
spc_03052.npy,1
spc_03054.npy,0
spc_03055.npy,0
spc_03057.npy,0
spc_03058.npy,0
spc_03059.npy,1
spc_03060.npy,0
spc_03066.npy,1
spc_03067.npy,0
spc_03068.npy,0
spc_03069.npy,0
spc_03070.npy,0
spc_03073.npy,0
spc_03074.npy,0
spc_03075.npy,0
spc_03077.npy,0
spc_03078.npy,0
spc_03079.npy,0
spc_03080.npy,0
spc_03081.npy,0
spc_03082.npy,0
spc_03084.npy,1
spc_03086.npy,0
spc_03087.npy,0
spc_03088.npy,0
spc_03089.npy,1
spc_03091.npy,0
spc_03092.npy,1
spc_03093.npy,0
spc_03095.npy,0
spc_03096.npy,1
spc_03097.npy,1
spc_03098.npy,0
spc_03099.npy,0
spc_03100.npy,0
spc_03101.npy,0
spc_03102.npy,0
spc_03103.npy,0
spc_03106.npy,0
spc_03108.npy,0
spc_03109.npy,1
spc_03110.npy,1
spc_03111.npy,0
spc_03113.npy,0
spc_03116.npy,0
spc_03118.npy,1
spc_03121.npy,0
spc_03122.npy,0
spc_03123.npy,1
spc_03124.npy,0
spc_03126.npy,1
spc_03127.npy,0
spc_03128.npy,1
spc_03129.npy,0
spc_03130.npy,0
spc_03133.npy,0
spc_03134.npy,1
spc_03135.npy,0
spc_03137.npy,0
spc_03138.npy,1
spc_03139.npy,1
spc_03142.npy,0
spc_03144.npy,0
spc_03148.npy,0
spc_03149.npy,0
spc_03150.npy,0
spc_03152.npy,0
spc_03153.npy,1
spc_03155.npy,0
spc_03156.npy,0
spc_03158.npy,0
spc_03159.npy,1
spc_03161.npy,0
spc_03162.npy,0
spc_03165.npy,0
spc_03166.npy,1
spc_03168.npy,0
spc_03170.npy,0
spc_03171.npy,1
spc_03174.npy,0
spc_03175.npy,0
spc_03177.npy,1
spc_03178.npy,1
spc_03179.npy,1
spc_03180.npy,1
spc_03181.npy,0
spc_03183.npy,0
spc_03185.npy,1
spc_03186.npy,0
spc_03188.npy,1
spc_03189.npy,1
spc_03191.npy,1
spc_03193.npy,1
spc_03195.npy,0
spc_03196.npy,0
spc_03198.npy,0
spc_03199.npy,1
spc_03200.npy,1
spc_03201.npy,0
spc_03202.npy,0
spc_03203.npy,1
spc_03204.npy,0
spc_03206.npy,0
spc_03207.npy,0
spc_03208.npy,0
spc_03209.npy,1
spc_03211.npy,1
spc_03212.npy,1
spc_03213.npy,0
spc_03214.npy,1
spc_03215.npy,0
spc_03218.npy,0
spc_03219.npy,1
spc_03220.npy,0
spc_03222.npy,0
spc_03224.npy,0
spc_03227.npy,0
spc_03231.npy,0
spc_03234.npy,1
spc_03235.npy,0
spc_03236.npy,1
spc_03237.npy,0
spc_03240.npy,1
spc_03242.npy,1
spc_03243.npy,0
spc_03245.npy,0
spc_03246.npy,0
spc_03247.npy,1
spc_03248.npy,0
spc_03249.npy,0
spc_03250.npy,1
spc_03251.npy,1
spc_03252.npy,0
spc_03253.npy,0
spc_03255.npy,0
spc_03257.npy,0
spc_03258.npy,1
spc_03259.npy,0
spc_03260.npy,0
spc_03261.npy,1
spc_03262.npy,1
spc_03263.npy,1
spc_03265.npy,1
spc_03266.npy,0
spc_03267.npy,1
spc_03268.npy,1
spc_03269.npy,0
spc_03270.npy,0
spc_03271.npy,1
spc_03272.npy,0
spc_03273.npy,1
spc_03274.npy,0
spc_03275.npy,0
spc_03278.npy,1
spc_03279.npy,1
spc_03282.npy,1
spc_03283.npy,0
spc_03285.npy,0
spc_03286.npy,0
spc_03287.npy,0
spc_03288.npy,1
spc_03290.npy,1
spc_03291.npy,0
spc_03297.npy,0
spc_03299.npy,1
spc_03300.npy,0
spc_03302.npy,0
spc_03303.npy,0
spc_03304.npy,0
spc_03306.npy,0
spc_03307.npy,0
spc_03308.npy,0
spc_03309.npy,0
spc_03310.npy,1
spc_03311.npy,1
spc_03312.npy,1
spc_03313.npy,1
spc_03314.npy,0
spc_03316.npy,0
spc_03318.npy,1
spc_03321.npy,0
spc_03323.npy,0
spc_03324.npy,0
spc_03325.npy,1
spc_03327.npy,0
spc_03329.npy,1
spc_03330.npy,1
spc_03331.npy,0
spc_03333.npy,1
spc_03334.npy,1
spc_03335.npy,1
spc_03336.npy,0
spc_03341.npy,1
spc_03342.npy,0
spc_03344.npy,1
spc_03346.npy,0
spc_03350.npy,0
spc_03353.npy,1
spc_03354.npy,0
spc_03355.npy,1
spc_03356.npy,1
spc_03357.npy,0
spc_03358.npy,1
spc_03359.npy,0
spc_03360.npy,1
spc_03361.npy,1
spc_03363.npy,0
spc_03364.npy,0
spc_03365.npy,0
spc_03366.npy,1
spc_03368.npy,0
spc_03369.npy,1
spc_03371.npy,0
spc_03373.npy,1
spc_03374.npy,0
spc_03375.npy,0
spc_03376.npy,0
spc_03377.npy,0
spc_03378.npy,0
spc_03384.npy,0
spc_03385.npy,0
spc_03388.npy,0
spc_03389.npy,1
spc_03390.npy,0
spc_03392.npy,1
spc_03393.npy,0
spc_03394.npy,0
spc_03395.npy,0
spc_03396.npy,0
spc_03397.npy,1
spc_03399.npy,0
spc_03400.npy,0
spc_03401.npy,0
spc_03402.npy,0
spc_03403.npy,0
spc_03406.npy,0
spc_03409.npy,0
spc_03410.npy,0
spc_03411.npy,0
spc_03413.npy,0
spc_03415.npy,0
spc_03418.npy,1
spc_03420.npy,0
spc_03421.npy,0
spc_03422.npy,0
spc_03423.npy,1
spc_03424.npy,1
spc_03427.npy,0
spc_03428.npy,1
spc_03430.npy,1
spc_03431.npy,1
spc_03434.npy,0
spc_03436.npy,1
spc_03440.npy,1
spc_03442.npy,0
spc_03444.npy,0
spc_03445.npy,0
spc_03447.npy,0
spc_03449.npy,0
spc_03450.npy,1
spc_03451.npy,0
spc_03453.npy,0
spc_03454.npy,0
spc_03457.npy,1
spc_03459.npy,1
spc_03460.npy,1
spc_03462.npy,0
spc_03464.npy,1
spc_03465.npy,1
spc_03466.npy,1
spc_03468.npy,1
spc_03469.npy,0
spc_03470.npy,1
spc_03471.npy,0
spc_03473.npy,1
spc_03475.npy,1
spc_03476.npy,0
spc_03479.npy,0
spc_03480.npy,0
spc_03481.npy,0
spc_03482.npy,0
spc_03483.npy,0
spc_03485.npy,1
spc_03486.npy,0
spc_03487.npy,0
spc_03488.npy,0
spc_03489.npy,0
spc_03490.npy,1
spc_03492.npy,0
spc_03493.npy,0
spc_03496.npy,0
spc_03498.npy,1
spc_03499.npy,0
spc_03500.npy,0
spc_03501.npy,1
spc_03502.npy,1
spc_03504.npy,0
spc_03505.npy,1
spc_03506.npy,1
spc_03509.npy,1
spc_03510.npy,0
spc_03512.npy,0
spc_03513.npy,0
spc_03515.npy,0
spc_03520.npy,1
spc_03521.npy,1
spc_03523.npy,1
spc_03524.npy,1
spc_03526.npy,0
spc_03528.npy,0
spc_03529.npy,0
spc_03531.npy,1
spc_03532.npy,0
spc_03533.npy,0
spc_03535.npy,0
spc_03536.npy,0
spc_03539.npy,0
spc_03540.npy,0
spc_03541.npy,1
spc_03542.npy,0
spc_03543.npy,1
spc_03546.npy,1
spc_03547.npy,0
spc_03548.npy,1
spc_03549.npy,1
spc_03550.npy,0
spc_03551.npy,1
spc_03552.npy,0
spc_03553.npy,1
spc_03554.npy,0
spc_03555.npy,0
spc_03556.npy,0
spc_03557.npy,0
spc_03558.npy,0
spc_03561.npy,0
spc_03562.npy,0
spc_03563.npy,0
spc_03566.npy,1
spc_03567.npy,0
spc_03569.npy,0
spc_03570.npy,1
spc_03571.npy,1
spc_03572.npy,1
spc_03573.npy,1
spc_03574.npy,0
spc_03575.npy,0
spc_03576.npy,0
spc_03577.npy,1
spc_03578.npy,1
spc_03580.npy,1
spc_03581.npy,0
spc_03582.npy,0
spc_03583.npy,1
spc_03585.npy,0
spc_03586.npy,0
spc_03589.npy,0
spc_03590.npy,1
spc_03591.npy,0
spc_03592.npy,1
spc_03593.npy,1
spc_03595.npy,0
spc_03597.npy,0
spc_03598.npy,0
spc_03599.npy,1
spc_03602.npy,0
spc_03603.npy,0
spc_03605.npy,1
spc_03606.npy,0
spc_03611.npy,1
spc_03612.npy,0
spc_03613.npy,0
spc_03616.npy,0
spc_03617.npy,0
spc_03619.npy,1
spc_03620.npy,1
spc_03621.npy,0
spc_03623.npy,0
spc_03626.npy,1
spc_03628.npy,0
spc_03630.npy,0
spc_03632.npy,1
spc_03633.npy,0
spc_03635.npy,0
spc_03636.npy,1
spc_03637.npy,1
spc_03638.npy,0
spc_03639.npy,0
spc_03642.npy,0
spc_03643.npy,0
spc_03644.npy,0
spc_03645.npy,0
spc_03646.npy,0
spc_03647.npy,1
spc_03650.npy,0
spc_03651.npy,0
spc_03652.npy,1
spc_03654.npy,0
spc_03655.npy,0
spc_03656.npy,1
spc_03657.npy,0
spc_03658.npy,1
spc_03660.npy,0
spc_03662.npy,0
spc_03663.npy,0
spc_03664.npy,0
spc_03666.npy,1
spc_03667.npy,1
spc_03668.npy,0
spc_03669.npy,0
spc_03670.npy,1
spc_03671.npy,0
spc_03673.npy,1
spc_03674.npy,1
spc_03675.npy,0
spc_03676.npy,1
spc_03678.npy,0
spc_03680.npy,0
spc_03681.npy,0
spc_03683.npy,0
spc_03684.npy,0
spc_03686.npy,0
spc_03687.npy,0
spc_03688.npy,0
spc_03691.npy,0
spc_03694.npy,1
spc_03696.npy,1
spc_03697.npy,1
spc_03698.npy,0
spc_03701.npy,0
spc_03702.npy,0
spc_03704.npy,0
spc_03706.npy,0
spc_03708.npy,1
spc_03709.npy,0
spc_03711.npy,0
spc_03712.npy,0
spc_03713.npy,1
spc_03714.npy,0
spc_03715.npy,1
spc_03716.npy,0
spc_03717.npy,0
spc_03719.npy,1
spc_03721.npy,0
spc_03723.npy,0
spc_03727.npy,0
spc_03729.npy,0
spc_03730.npy,1
spc_03731.npy,0
spc_03733.npy,0
spc_03735.npy,0
spc_03736.npy,0
spc_03740.npy,0
spc_03742.npy,0
spc_03743.npy,0
spc_03744.npy,1
spc_03746.npy,0
spc_03748.npy,0
spc_03750.npy,0
spc_03751.npy,1
spc_03752.npy,0
spc_03753.npy,0
spc_03754.npy,1
spc_03756.npy,1
spc_03757.npy,0
spc_03758.npy,0
spc_03759.npy,0
spc_03761.npy,0
spc_03763.npy,0
spc_03765.npy,0
spc_03767.npy,0
spc_03768.npy,0
spc_03772.npy,1
spc_03773.npy,0
spc_03774.npy,0
spc_03777.npy,0
spc_03780.npy,0
spc_03783.npy,1
spc_03784.npy,0
spc_03785.npy,0
spc_03786.npy,0
spc_03787.npy,1
spc_03788.npy,0
spc_03789.npy,1
spc_03790.npy,0
spc_03791.npy,0
spc_03794.npy,1
spc_03795.npy,1
spc_03796.npy,0
spc_03797.npy,0
spc_03798.npy,0
spc_03799.npy,1
spc_03800.npy,0
spc_03801.npy,0
spc_03804.npy,1
spc_03806.npy,0
spc_03811.npy,0
spc_03812.npy,0
spc_03814.npy,0
spc_03815.npy,1
spc_03816.npy,0
spc_03817.npy,1
spc_03819.npy,1
spc_03821.npy,0
spc_03822.npy,1
spc_03824.npy,1
spc_03825.npy,0
spc_03826.npy,0
spc_03828.npy,0
spc_03829.npy,0
spc_03830.npy,1
spc_03832.npy,0
spc_03835.npy,0
spc_03836.npy,0
spc_03839.npy,0
spc_03840.npy,0
spc_03841.npy,0
spc_03845.npy,0
spc_03846.npy,0
spc_03847.npy,0
spc_03848.npy,0
spc_03850.npy,0
spc_03851.npy,0
spc_03852.npy,0
spc_03853.npy,0
spc_03855.npy,0
spc_03857.npy,1
spc_03858.npy,1
spc_03860.npy,1
spc_03861.npy,0
spc_03863.npy,1
spc_03864.npy,1
spc_03867.npy,0
spc_03871.npy,0
spc_03872.npy,0
spc_03873.npy,0
spc_03874.npy,1
spc_03875.npy,0
spc_03876.npy,0
spc_03877.npy,0
spc_03878.npy,0
spc_03880.npy,0
spc_03881.npy,1
spc_03882.npy,0
spc_03884.npy,0
spc_03885.npy,0
spc_03886.npy,1
spc_03887.npy,0
spc_03890.npy,0
spc_03892.npy,1
spc_03893.npy,0
spc_03894.npy,0
spc_03895.npy,0
spc_03896.npy,0
spc_03897.npy,0
spc_03898.npy,1
spc_03900.npy,1
spc_03901.npy,0
spc_03902.npy,0
spc_03903.npy,0
spc_03904.npy,0
spc_03905.npy,1
spc_03906.npy,1
spc_03907.npy,0
spc_03908.npy,0
spc_03909.npy,0
spc_03911.npy,0
spc_03912.npy,0
spc_03913.npy,0
spc_03915.npy,0
spc_03917.npy,1
spc_03918.npy,0
spc_03920.npy,1
spc_03921.npy,0
spc_03922.npy,0
spc_03924.npy,0
spc_03925.npy,0
spc_03926.npy,0
spc_03928.npy,0
spc_03929.npy,1
spc_03930.npy,0
spc_03931.npy,0
spc_03932.npy,0
spc_03933.npy,1
spc_03934.npy,0
spc_03935.npy,1
spc_03936.npy,0
spc_03939.npy,0
spc_03942.npy,0
spc_03943.npy,0
spc_03944.npy,0
spc_03945.npy,0
spc_03946.npy,1
spc_03947.npy,1
spc_03952.npy,0
spc_03958.npy,1
spc_03959.npy,0
spc_03960.npy,0
spc_03961.npy,1
spc_03962.npy,0
spc_03964.npy,0
spc_03965.npy,0
spc_03966.npy,1
spc_03967.npy,1
spc_03968.npy,0
spc_03970.npy,1
spc_03972.npy,0
spc_03973.npy,0
spc_03974.npy,0
spc_03980.npy,0
spc_03981.npy,1
spc_03982.npy,0
spc_03983.npy,1
spc_03984.npy,0
spc_03987.npy,0
spc_03990.npy,0
spc_03991.npy,0
spc_03992.npy,1
spc_03993.npy,0
spc_03994.npy,1
spc_03995.npy,0
spc_03996.npy,1
spc_03998.npy,0
spc_03999.npy,1
spc_04001.npy,1
spc_04002.npy,0
spc_04005.npy,0
spc_04006.npy,0
spc_04010.npy,0
spc_04011.npy,1
spc_04012.npy,0
spc_04015.npy,0
spc_04017.npy,1
spc_04018.npy,0
spc_04019.npy,1
spc_04020.npy,1
spc_04022.npy,0
spc_04023.npy,1
spc_04025.npy,1
spc_04028.npy,0
spc_04031.npy,1
spc_04032.npy,0
spc_04033.npy,0
spc_04034.npy,0
spc_04037.npy,0
spc_04038.npy,0
spc_04039.npy,0
spc_04045.npy,0
spc_04046.npy,0
spc_04047.npy,0
spc_04048.npy,0
spc_04049.npy,0
spc_04050.npy,0
spc_04051.npy,0
spc_04055.npy,0
spc_04056.npy,1
spc_04057.npy,0
spc_04058.npy,0
spc_04059.npy,0
spc_04060.npy,0
spc_04062.npy,0
spc_04063.npy,0
spc_04064.npy,0
spc_04070.npy,0
spc_04072.npy,1
spc_04073.npy,1
spc_04074.npy,1
spc_04075.npy,1
spc_04076.npy,1
spc_04077.npy,0
spc_04080.npy,1
spc_04081.npy,1
spc_04082.npy,0
spc_04083.npy,1
spc_04084.npy,0
spc_04085.npy,0
spc_04087.npy,0
spc_04089.npy,0
spc_04091.npy,0
spc_04092.npy,0
spc_04094.npy,0
spc_04095.npy,0
spc_04096.npy,0
spc_04097.npy,0
spc_04098.npy,0
spc_04099.npy,0
spc_04102.npy,1
spc_04103.npy,0
spc_04104.npy,0
spc_04105.npy,1
spc_04106.npy,0
spc_04107.npy,0
spc_04108.npy,0
spc_04109.npy,0
spc_04110.npy,0
spc_04111.npy,0
spc_04112.npy,0
spc_04113.npy,1
spc_04114.npy,1
spc_04115.npy,0
spc_04116.npy,0
spc_04117.npy,0
spc_04118.npy,0
spc_04119.npy,1
spc_04120.npy,1
spc_04121.npy,0
spc_04124.npy,0
spc_04125.npy,1
spc_04126.npy,0
spc_04128.npy,1
spc_04132.npy,1
spc_04136.npy,0
spc_04138.npy,0
spc_04140.npy,0
spc_04142.npy,0
spc_04143.npy,1
spc_04144.npy,1
spc_04145.npy,0
spc_04147.npy,0
spc_04148.npy,0
spc_04150.npy,0
spc_04151.npy,1
spc_04153.npy,0
spc_04154.npy,1
spc_04156.npy,0
spc_04157.npy,0
spc_04160.npy,0
spc_04161.npy,0
spc_04162.npy,1
spc_04164.npy,1
spc_04165.npy,1
spc_04166.npy,0
spc_04168.npy,0
spc_04169.npy,1
spc_04174.npy,1
spc_04180.npy,0
spc_04182.npy,0
spc_04183.npy,0
spc_04184.npy,1
spc_04186.npy,1
spc_04187.npy,1
spc_04188.npy,0
spc_04190.npy,0
spc_04191.npy,0
spc_04193.npy,0
spc_04194.npy,1
spc_04195.npy,0
spc_04196.npy,1
spc_04197.npy,0
spc_04198.npy,0
spc_04199.npy,1
spc_04200.npy,0
spc_04201.npy,0
spc_04202.npy,0
spc_04203.npy,0
spc_04204.npy,0
spc_04205.npy,1
spc_04207.npy,0
spc_04208.npy,1
spc_04210.npy,0
spc_04211.npy,0
spc_04215.npy,0
spc_04216.npy,0
spc_04219.npy,0
spc_04220.npy,0
spc_04221.npy,0
spc_04223.npy,0
spc_04224.npy,1
spc_04225.npy,0
spc_04226.npy,0
spc_04227.npy,0
spc_04228.npy,0
spc_04229.npy,0
spc_04230.npy,1
spc_04231.npy,0
spc_04232.npy,1
spc_04233.npy,0
spc_04234.npy,0
spc_04235.npy,0
spc_04236.npy,1
spc_04237.npy,0
spc_04238.npy,0
spc_04240.npy,0
spc_04241.npy,1
spc_04242.npy,1
spc_04243.npy,1
spc_04244.npy,1
spc_04246.npy,0
spc_04247.npy,1
spc_04248.npy,0
spc_04249.npy,0
spc_04251.npy,0
spc_04252.npy,0
spc_04253.npy,0
spc_04257.npy,0
spc_04258.npy,0
spc_04259.npy,0
spc_04260.npy,1
spc_04261.npy,0
spc_04263.npy,1
spc_04264.npy,0
spc_04267.npy,0
spc_04269.npy,0
spc_04273.npy,0
spc_04275.npy,1
spc_04277.npy,0
spc_04279.npy,0
spc_04280.npy,0
spc_04282.npy,1
spc_04284.npy,1
spc_04285.npy,0
spc_04288.npy,0
spc_04289.npy,1
spc_04290.npy,0
spc_04291.npy,0
spc_04294.npy,0
spc_04295.npy,0
spc_04296.npy,0
spc_04297.npy,1
spc_04298.npy,0
spc_04300.npy,0
spc_04301.npy,1
spc_04302.npy,0
spc_04303.npy,0
spc_04304.npy,0
spc_04305.npy,1
spc_04306.npy,0
spc_04307.npy,0
spc_04308.npy,0
spc_04309.npy,0
spc_04310.npy,0
spc_04311.npy,0
spc_04312.npy,1
spc_04313.npy,0
spc_04314.npy,0
spc_04316.npy,0
spc_04318.npy,1
spc_04319.npy,1
spc_04320.npy,0
spc_04321.npy,1
spc_04322.npy,1
spc_04323.npy,0
spc_04324.npy,0
spc_04325.npy,0
spc_04326.npy,1
spc_04328.npy,1
spc_04329.npy,0
spc_04332.npy,0
spc_04333.npy,1
spc_04334.npy,0
spc_04335.npy,0
spc_04338.npy,0
spc_04339.npy,0
spc_04340.npy,0
spc_04341.npy,0
spc_04344.npy,1
spc_04345.npy,0
spc_04347.npy,0
spc_04349.npy,0
spc_04350.npy,1
spc_04351.npy,1
spc_04352.npy,0
spc_04353.npy,0
spc_04354.npy,0
spc_04355.npy,1
spc_04358.npy,0
spc_04359.npy,0
spc_04360.npy,0
spc_04361.npy,0
spc_04362.npy,0
spc_04364.npy,0
spc_04365.npy,0
spc_04366.npy,1
spc_04367.npy,0
spc_04368.npy,1
spc_04371.npy,0
spc_04372.npy,1
spc_04373.npy,0
spc_04374.npy,0
spc_04375.npy,1
spc_04376.npy,0
spc_04377.npy,0
spc_04381.npy,0
spc_04382.npy,0
spc_04383.npy,0
spc_04384.npy,0
spc_04385.npy,0
spc_04387.npy,0
spc_04388.npy,1
spc_04391.npy,0
spc_04392.npy,0
spc_04393.npy,0
spc_04395.npy,0
spc_04398.npy,1
spc_04399.npy,0
spc_04401.npy,0
spc_04402.npy,1
spc_04403.npy,0
spc_04404.npy,1
spc_04405.npy,0
spc_04406.npy,0
spc_04407.npy,0
spc_04408.npy,0
spc_04409.npy,0
spc_04410.npy,1
spc_04411.npy,0
spc_04412.npy,0
spc_04413.npy,0
spc_04415.npy,0
spc_04416.npy,0
spc_04417.npy,0
spc_04419.npy,0
spc_04420.npy,0
spc_04421.npy,0
spc_04424.npy,0
spc_04426.npy,0
spc_04427.npy,0
spc_04428.npy,0
spc_04431.npy,0
spc_04432.npy,1
spc_04434.npy,0
spc_04435.npy,0
spc_04437.npy,0
spc_04438.npy,0
spc_04439.npy,0
spc_04440.npy,0
spc_04441.npy,0
spc_04442.npy,1
spc_04447.npy,0
spc_04448.npy,0
spc_04449.npy,0
spc_04451.npy,0
spc_04453.npy,1
spc_04455.npy,0
spc_04456.npy,0
spc_04459.npy,1
spc_04461.npy,0
spc_04462.npy,0
spc_04463.npy,0
spc_04465.npy,1
spc_04466.npy,0
spc_04467.npy,1
spc_04468.npy,0
spc_04469.npy,0
spc_04470.npy,0
spc_04473.npy,1
spc_04476.npy,0
spc_04478.npy,1
spc_04480.npy,0
spc_04482.npy,0
spc_04483.npy,1
spc_04484.npy,1
spc_04486.npy,1
spc_04487.npy,1
spc_04489.npy,0
spc_04490.npy,0
spc_04491.npy,0
spc_04492.npy,1
spc_04493.npy,1
spc_04494.npy,0
spc_04497.npy,0
spc_04499.npy,0
spc_04500.npy,0
spc_04501.npy,0
spc_04502.npy,0
spc_04503.npy,0
spc_04505.npy,0
spc_04507.npy,0
spc_04509.npy,1
spc_04511.npy,0
spc_04512.npy,1
spc_04513.npy,1
spc_04514.npy,0
spc_04516.npy,0
spc_04517.npy,0
spc_04518.npy,0
spc_04519.npy,1
spc_04521.npy,0
spc_04522.npy,0
spc_04525.npy,0
spc_04528.npy,0
spc_04529.npy,1
spc_04530.npy,1
spc_04532.npy,0
spc_04534.npy,1
spc_04535.npy,0
spc_04536.npy,0
spc_04537.npy,1
spc_04539.npy,1
spc_04540.npy,0
spc_04541.npy,0
spc_04542.npy,0
spc_04544.npy,0
spc_04547.npy,0
spc_04549.npy,0
spc_04552.npy,0
spc_04553.npy,0
spc_04554.npy,1
spc_04557.npy,1
spc_04559.npy,1
spc_04561.npy,0
spc_04563.npy,1
spc_04564.npy,1
spc_04565.npy,1
spc_04566.npy,0
spc_04567.npy,0
spc_04569.npy,0
spc_04574.npy,1
spc_04575.npy,0
spc_04576.npy,0
spc_04577.npy,0
spc_04578.npy,0
spc_04579.npy,0
spc_04581.npy,1
spc_04582.npy,0
spc_04583.npy,0
spc_04586.npy,0
spc_04587.npy,0
spc_04588.npy,0
spc_04590.npy,0
spc_04591.npy,0
spc_04592.npy,1
spc_04593.npy,0
spc_04594.npy,1
spc_04596.npy,1
spc_04600.npy,0
spc_04601.npy,1
spc_04602.npy,0
spc_04603.npy,1
spc_04604.npy,0
spc_04606.npy,0
spc_04608.npy,1
spc_04611.npy,0
spc_04613.npy,0
spc_04614.npy,1
spc_04615.npy,0
spc_04617.npy,0
spc_04619.npy,0
spc_04622.npy,1
spc_04623.npy,0
spc_04624.npy,1
spc_04626.npy,0
spc_04628.npy,0
spc_04629.npy,0
spc_04630.npy,0
spc_04633.npy,1
spc_04634.npy,0
spc_04635.npy,0
spc_04636.npy,0
spc_04637.npy,1
spc_04639.npy,1
spc_04642.npy,0
spc_04643.npy,0
spc_04646.npy,0
spc_04648.npy,0
spc_04649.npy,0
spc_04650.npy,1
spc_04653.npy,0
spc_04655.npy,0
spc_04656.npy,0
spc_04658.npy,0
spc_04659.npy,0
spc_04660.npy,0
spc_04661.npy,0
spc_04662.npy,0
spc_04663.npy,0
spc_04664.npy,1
spc_04665.npy,1
spc_04666.npy,0
spc_04667.npy,0
spc_04668.npy,0
spc_04669.npy,0
spc_04670.npy,0
spc_04671.npy,1
spc_04672.npy,0
spc_04673.npy,1
spc_04676.npy,0
spc_04679.npy,0
spc_04680.npy,0
spc_04685.npy,0
spc_04687.npy,0
spc_04688.npy,0
spc_04690.npy,1
spc_04692.npy,0
spc_04693.npy,1
spc_04694.npy,0
spc_04695.npy,1
spc_04697.npy,0
spc_04698.npy,0
spc_04699.npy,0
spc_04700.npy,1
spc_04701.npy,1
spc_04703.npy,0
spc_04704.npy,1
spc_04705.npy,0
spc_04706.npy,0
spc_04710.npy,1
spc_04711.npy,0
spc_04712.npy,1
spc_04713.npy,0
spc_04714.npy,1
spc_04715.npy,1
spc_04717.npy,0
spc_04720.npy,0
spc_04721.npy,0
spc_04723.npy,0
spc_04724.npy,0
spc_04725.npy,1
spc_04727.npy,1
spc_04728.npy,0
spc_04732.npy,0
spc_04734.npy,0
spc_04737.npy,0
spc_04738.npy,0
spc_04739.npy,1
spc_04740.npy,0
spc_04741.npy,1
spc_04742.npy,0
spc_04744.npy,0
spc_04745.npy,0
spc_04746.npy,0
spc_04749.npy,0
spc_04750.npy,0
spc_04752.npy,1
spc_04756.npy,0
spc_04757.npy,1
spc_04759.npy,0
spc_04760.npy,0
spc_04762.npy,1
spc_04763.npy,0
spc_04765.npy,1
spc_04767.npy,0
spc_04769.npy,0
spc_04770.npy,0
spc_04771.npy,1
spc_04772.npy,0
spc_04775.npy,1
spc_04777.npy,1
spc_04779.npy,1
spc_04780.npy,0
spc_04781.npy,0
spc_04782.npy,0
spc_04783.npy,0
spc_04785.npy,0
spc_04786.npy,0
spc_04787.npy,0
spc_04789.npy,1
spc_04790.npy,1
spc_04791.npy,0
spc_04793.npy,0
spc_04794.npy,0
spc_04795.npy,0
spc_04796.npy,1
spc_04799.npy,1
spc_04802.npy,0
spc_04803.npy,0
spc_04805.npy,0
spc_04806.npy,0
spc_04809.npy,0
spc_04810.npy,0
spc_04811.npy,0
spc_04812.npy,1
spc_04813.npy,1
spc_04815.npy,1
spc_04816.npy,0
spc_04817.npy,1
spc_04818.npy,0
spc_04819.npy,0
spc_04820.npy,1
spc_04823.npy,0
spc_04824.npy,0
spc_04825.npy,1
spc_04826.npy,1
spc_04828.npy,0
spc_04829.npy,0
spc_04830.npy,0
spc_04831.npy,1
spc_04832.npy,0
spc_04834.npy,0
spc_04836.npy,0
spc_04838.npy,0
spc_04839.npy,1
spc_04841.npy,1
spc_04842.npy,0
spc_04844.npy,1
spc_04845.npy,0
spc_04846.npy,0
spc_04847.npy,0
spc_04848.npy,0
spc_04849.npy,1
spc_04850.npy,0
spc_04852.npy,0
spc_04853.npy,1
spc_04854.npy,0
spc_04855.npy,0
spc_04856.npy,0
spc_04858.npy,0
spc_04860.npy,0
spc_04861.npy,0
spc_04862.npy,0
spc_04863.npy,1
spc_04870.npy,0
spc_04875.npy,0
spc_04876.npy,1
spc_04880.npy,1
spc_04881.npy,0
spc_04882.npy,1
spc_04883.npy,0
spc_04884.npy,1
spc_04885.npy,0
spc_04886.npy,0
spc_04887.npy,1
spc_04888.npy,0
spc_04890.npy,0
spc_04891.npy,1
spc_04892.npy,0
spc_04893.npy,0
spc_04894.npy,0
spc_04899.npy,0
spc_04901.npy,1
spc_04902.npy,1
spc_04903.npy,1
spc_04904.npy,0
spc_04905.npy,0
spc_04906.npy,0
spc_04907.npy,0
spc_04909.npy,0
spc_04910.npy,1
spc_04911.npy,0
spc_04913.npy,1
spc_04915.npy,0
spc_04917.npy,1
spc_04919.npy,1
spc_04920.npy,0
spc_04924.npy,1
spc_04925.npy,1
spc_04926.npy,0
spc_04927.npy,0
spc_04930.npy,0
spc_04931.npy,0
spc_04933.npy,1
spc_04934.npy,0
spc_04935.npy,0
spc_04937.npy,0
spc_04940.npy,1
spc_04943.npy,0
spc_04945.npy,0
spc_04946.npy,0
spc_04948.npy,0
spc_04950.npy,0
spc_04952.npy,0
spc_04955.npy,0
spc_04956.npy,1
spc_04957.npy,0
spc_04958.npy,0
spc_04961.npy,0
spc_04963.npy,1
spc_04964.npy,0
spc_04965.npy,0
spc_04968.npy,0
spc_04973.npy,0
spc_04975.npy,1
spc_04976.npy,0
spc_04978.npy,0
spc_04979.npy,0
spc_04980.npy,0
spc_04982.npy,1
spc_04983.npy,0
spc_04984.npy,0
spc_04987.npy,0
spc_04990.npy,0
spc_04992.npy,1
spc_04993.npy,0
spc_04996.npy,0
spc_04997.npy,1
spc_04999.npy,0
spc_05000.npy,0
spc_05003.npy,0
spc_05004.npy,1
spc_05005.npy,1
spc_05006.npy,0
spc_05007.npy,0
spc_05008.npy,0
spc_05010.npy,1
spc_05011.npy,1
spc_05012.npy,0
spc_05013.npy,1
spc_05016.npy,1
spc_05017.npy,1
spc_05018.npy,1
spc_05019.npy,1
spc_05023.npy,0
spc_05024.npy,1
spc_05025.npy,1
spc_05026.npy,1
spc_05027.npy,0
spc_05028.npy,1
spc_05029.npy,1
spc_05030.npy,1
spc_05031.npy,0
spc_05032.npy,1
spc_05036.npy,1
spc_05037.npy,0
spc_05039.npy,0
spc_05040.npy,0
spc_05041.npy,1
spc_05043.npy,0
spc_05044.npy,0
spc_05045.npy,1
spc_05046.npy,0
spc_05047.npy,0
spc_05049.npy,0
spc_05050.npy,0
spc_05051.npy,1
spc_05052.npy,0
spc_05053.npy,0
spc_05056.npy,1
spc_05059.npy,0
spc_05062.npy,0
spc_05063.npy,0
spc_05064.npy,1
spc_05065.npy,0
spc_05067.npy,0
spc_05068.npy,0
spc_05070.npy,0
spc_05071.npy,0
spc_05072.npy,0
spc_05073.npy,1
spc_05074.npy,0
spc_05076.npy,1
spc_05077.npy,0
spc_05080.npy,0
spc_05082.npy,0
spc_05083.npy,1
spc_05086.npy,1
spc_05089.npy,0
spc_05090.npy,0
spc_05091.npy,0
spc_05092.npy,0
spc_05093.npy,1
spc_05094.npy,0
spc_05095.npy,1
spc_05096.npy,0
spc_05097.npy,0
spc_05099.npy,1
spc_05100.npy,0
spc_05101.npy,0
spc_05102.npy,1
spc_05103.npy,1
spc_05104.npy,1
spc_05105.npy,0
spc_05106.npy,0
spc_05107.npy,0
spc_05109.npy,0
spc_05110.npy,0
spc_05113.npy,0
spc_05114.npy,0
spc_05115.npy,0
spc_05116.npy,0
spc_05118.npy,0
spc_05120.npy,0
spc_05121.npy,0
spc_05122.npy,0
spc_05123.npy,0
spc_05125.npy,0
spc_05126.npy,0
spc_05128.npy,0
spc_05131.npy,1
spc_05133.npy,0
spc_05134.npy,0
spc_05135.npy,1
spc_05137.npy,1
spc_05139.npy,1
spc_05141.npy,0
spc_05146.npy,1
spc_05147.npy,0
spc_05148.npy,0
spc_05149.npy,0
spc_05151.npy,0
spc_05152.npy,1
spc_05154.npy,0
spc_05156.npy,0
spc_05157.npy,1
spc_05158.npy,0
spc_05161.npy,0
spc_05162.npy,1
spc_05163.npy,0
spc_05164.npy,0
spc_05165.npy,0
spc_05167.npy,1
spc_05168.npy,0
spc_05169.npy,0
spc_05170.npy,1
spc_05171.npy,0
spc_05172.npy,0
spc_05173.npy,0
spc_05176.npy,0
spc_05178.npy,0
spc_05180.npy,1
spc_05182.npy,1
spc_05183.npy,0
spc_05184.npy,0
spc_05186.npy,0
spc_05187.npy,0
spc_05188.npy,0
spc_05189.npy,1
spc_05190.npy,0
spc_05192.npy,0
spc_05193.npy,1
spc_05194.npy,0
spc_05196.npy,0
spc_05199.npy,0
spc_05201.npy,0
spc_05202.npy,0
spc_05203.npy,0
spc_05204.npy,1
spc_05205.npy,0
spc_05208.npy,0
spc_05210.npy,1
spc_05212.npy,0
spc_05213.npy,0
spc_05214.npy,0
spc_05215.npy,0
spc_05217.npy,0
spc_05218.npy,0
spc_05221.npy,0
spc_05222.npy,0
spc_05224.npy,1
spc_05230.npy,0
spc_05232.npy,1
spc_05238.npy,0
spc_05239.npy,0
spc_05240.npy,1
spc_05241.npy,1
spc_05242.npy,0
spc_05243.npy,0
spc_05244.npy,0
spc_05246.npy,0
spc_05247.npy,1
spc_05248.npy,0
spc_05252.npy,1
spc_05253.npy,0
spc_05254.npy,1
spc_05259.npy,0
spc_05261.npy,0
spc_05262.npy,1
spc_05263.npy,0
spc_05264.npy,0
spc_05265.npy,0
spc_05266.npy,1
spc_05267.npy,1
spc_05270.npy,1
spc_05271.npy,0
spc_05272.npy,0
spc_05273.npy,1
spc_05274.npy,0
spc_05276.npy,0
spc_05277.npy,0
spc_05278.npy,0
spc_05279.npy,1
spc_05281.npy,1
spc_05282.npy,0
spc_05283.npy,1
spc_05285.npy,0
spc_05287.npy,1
spc_05289.npy,0
spc_05290.npy,0
spc_05292.npy,0
spc_05293.npy,0
spc_05294.npy,0
spc_05295.npy,0
spc_05296.npy,1
spc_05297.npy,0
spc_05298.npy,1
spc_05299.npy,1
spc_05300.npy,0
spc_05305.npy,0
spc_05306.npy,0
spc_05308.npy,0
spc_05309.npy,0
spc_05311.npy,0
spc_05312.npy,0
spc_05313.npy,1
spc_05314.npy,0
spc_05316.npy,0
spc_05318.npy,1
spc_05319.npy,0
spc_05321.npy,0
spc_05322.npy,1
spc_05323.npy,1
spc_05324.npy,0
spc_05325.npy,0
spc_05327.npy,0
spc_05328.npy,1
spc_05329.npy,0
spc_05331.npy,0
spc_05332.npy,0
spc_05333.npy,0
spc_05334.npy,1
spc_05338.npy,1
spc_05339.npy,0
spc_05342.npy,0
spc_05343.npy,0
spc_05344.npy,0
spc_05345.npy,1
spc_05347.npy,0
spc_05349.npy,1
spc_05350.npy,1
spc_05351.npy,1
spc_05352.npy,1
spc_05353.npy,0
spc_05357.npy,1
spc_05358.npy,1
spc_05359.npy,0
spc_05360.npy,1
spc_05361.npy,0
spc_05362.npy,0
spc_05363.npy,0
spc_05364.npy,1
spc_05365.npy,0
spc_05368.npy,0
spc_05369.npy,0
spc_05371.npy,0
spc_05372.npy,0
spc_05373.npy,1
spc_05374.npy,0
spc_05375.npy,0
spc_05376.npy,1
spc_05377.npy,0
spc_05378.npy,0
spc_05381.npy,0
spc_05383.npy,0
spc_05384.npy,1
spc_05385.npy,0
spc_05388.npy,0
spc_05390.npy,1
spc_05391.npy,1
spc_05392.npy,1
spc_05394.npy,0
spc_05397.npy,0
spc_05398.npy,0
spc_05401.npy,0
spc_05402.npy,0
spc_05403.npy,1
spc_05406.npy,0
spc_05409.npy,0
spc_05410.npy,1
spc_05411.npy,0
spc_05412.npy,0
spc_05413.npy,1
spc_05417.npy,1
spc_05419.npy,1
spc_05420.npy,0
spc_05421.npy,0
spc_05422.npy,0
spc_05423.npy,1
spc_05424.npy,1
spc_05425.npy,1
spc_05426.npy,0
spc_05427.npy,1
spc_05428.npy,1
spc_05429.npy,0
spc_05431.npy,1
spc_05432.npy,0
spc_05433.npy,0
spc_05434.npy,0
spc_05435.npy,0
spc_05436.npy,0
spc_05437.npy,1
spc_05438.npy,1
spc_05441.npy,1
spc_05442.npy,1
spc_05443.npy,0
spc_05444.npy,0
spc_05448.npy,0
spc_05450.npy,0
spc_05451.npy,0
spc_05452.npy,0
spc_05453.npy,1
spc_05454.npy,0
spc_05455.npy,0
spc_05458.npy,0
spc_05459.npy,0
spc_05462.npy,0
spc_05463.npy,0
spc_05464.npy,0
spc_05465.npy,0
spc_05467.npy,0
spc_05468.npy,0
spc_05470.npy,0
spc_05471.npy,1
spc_05472.npy,0
spc_05475.npy,1
spc_05476.npy,0
spc_05477.npy,0
spc_05478.npy,0
spc_05480.npy,1
spc_05481.npy,1
spc_05482.npy,0
spc_05485.npy,1
spc_05492.npy,0
spc_05493.npy,1
spc_05494.npy,0
spc_05495.npy,1
spc_05496.npy,0
spc_05498.npy,0
spc_05499.npy,0
spc_05500.npy,0
spc_05501.npy,1
spc_05502.npy,0
spc_05504.npy,1
spc_05505.npy,1
spc_05506.npy,0
spc_05507.npy,0
spc_05509.npy,1
spc_05510.npy,0
spc_05511.npy,1
spc_05512.npy,0
spc_05513.npy,0
spc_05514.npy,0
spc_05516.npy,0
spc_05517.npy,0
spc_05518.npy,1
spc_05519.npy,0
spc_05521.npy,0
spc_05522.npy,0
spc_05523.npy,0
spc_05524.npy,0
spc_05525.npy,0
spc_05526.npy,1
spc_05527.npy,0
spc_05531.npy,1
spc_05532.npy,1
spc_05533.npy,0
spc_05535.npy,0
spc_05536.npy,0
spc_05537.npy,0
spc_05538.npy,0
spc_05540.npy,1
spc_05542.npy,0
spc_05544.npy,1
spc_05545.npy,0
spc_05547.npy,0
spc_05549.npy,1
spc_05550.npy,0
spc_05551.npy,0
spc_05552.npy,1
spc_05553.npy,0
spc_05554.npy,0
spc_05555.npy,0
spc_05557.npy,0
spc_05558.npy,0
spc_05559.npy,0
spc_05561.npy,0
spc_05562.npy,1
spc_05563.npy,0
spc_05564.npy,0
spc_05565.npy,0
spc_05567.npy,0
spc_05568.npy,0
spc_05569.npy,0
spc_05570.npy,1
spc_05571.npy,1
spc_05572.npy,0
spc_05573.npy,0
spc_05574.npy,1
spc_05576.npy,1
spc_05577.npy,0
spc_05580.npy,0
spc_05584.npy,0
spc_05586.npy,1
spc_05587.npy,1
spc_05588.npy,1
spc_05590.npy,0
spc_05592.npy,1
spc_05593.npy,0
spc_05595.npy,0
spc_05596.npy,1
spc_05598.npy,1
spc_05599.npy,0
spc_05600.npy,0
spc_05601.npy,1
spc_05602.npy,0
spc_05603.npy,0
spc_05604.npy,1
spc_05605.npy,1
spc_05606.npy,1
spc_05608.npy,1
spc_05609.npy,0
spc_05610.npy,0
spc_05611.npy,0
spc_05612.npy,1
spc_05614.npy,0
spc_05616.npy,0
spc_05618.npy,0
spc_05619.npy,0
spc_05620.npy,0
spc_05621.npy,1
spc_05622.npy,1
spc_05623.npy,0
spc_05624.npy,0
spc_05625.npy,0
spc_05626.npy,0
spc_05627.npy,1
spc_05629.npy,0
spc_05630.npy,0
spc_05633.npy,1
spc_05634.npy,0
spc_05635.npy,1
spc_05637.npy,0
spc_05640.npy,0
spc_05642.npy,1
spc_05645.npy,0
spc_05648.npy,0
spc_05649.npy,1
spc_05650.npy,0
spc_05651.npy,0
spc_05652.npy,0
spc_05655.npy,0
spc_05656.npy,0
spc_05658.npy,1
spc_05660.npy,1
spc_05661.npy,0
spc_05662.npy,0
spc_05664.npy,0
spc_05665.npy,0
spc_05666.npy,0
spc_05668.npy,1
spc_05669.npy,1
spc_05672.npy,0
spc_05673.npy,0
spc_05675.npy,0
spc_05676.npy,1
spc_05677.npy,0
spc_05678.npy,1
spc_05680.npy,0
spc_05682.npy,1
spc_05685.npy,0
spc_05687.npy,1
spc_05689.npy,0
spc_05690.npy,0
spc_05692.npy,0
spc_05693.npy,0
spc_05695.npy,0
spc_05696.npy,0
spc_05699.npy,0
spc_05704.npy,0
spc_05705.npy,1
spc_05706.npy,0
spc_05707.npy,0
spc_05710.npy,0
spc_05714.npy,0
spc_05718.npy,0
spc_05720.npy,1
spc_05725.npy,1
spc_05727.npy,1
spc_05728.npy,0
spc_05729.npy,0
spc_05730.npy,1
spc_05731.npy,0
spc_05732.npy,1
spc_05733.npy,1
spc_05734.npy,1
spc_05735.npy,0
spc_05736.npy,0
spc_05737.npy,0
spc_05738.npy,1
spc_05739.npy,0
spc_05740.npy,0
spc_05742.npy,0
spc_05743.npy,0
spc_05744.npy,0
spc_05745.npy,0
spc_05746.npy,1
spc_05751.npy,0
spc_05752.npy,0
spc_05753.npy,0
spc_05756.npy,0
spc_05759.npy,0
spc_05760.npy,1
spc_05761.npy,0
spc_05762.npy,0
spc_05763.npy,0
spc_05764.npy,0
spc_05766.npy,0
spc_05768.npy,0
spc_05769.npy,0
spc_05772.npy,0
spc_05773.npy,0
spc_05776.npy,0
spc_05777.npy,0
spc_05778.npy,0
spc_05779.npy,1
spc_05780.npy,0
spc_05781.npy,0
spc_05782.npy,1
spc_05785.npy,1
spc_05786.npy,0
spc_05787.npy,1
spc_05788.npy,0
spc_05790.npy,0
spc_05791.npy,0
spc_05794.npy,0
spc_05796.npy,1
spc_05798.npy,0
spc_05801.npy,1
spc_05802.npy,0
spc_05803.npy,0
spc_05804.npy,0
spc_05805.npy,0
spc_05807.npy,0
spc_05809.npy,0
spc_05811.npy,0
spc_05814.npy,0
spc_05815.npy,0
spc_05817.npy,0
spc_05818.npy,1
spc_05820.npy,1
spc_05821.npy,0
spc_05823.npy,0
spc_05824.npy,0
spc_05827.npy,0
spc_05828.npy,0
spc_05831.npy,0
spc_05833.npy,0
spc_05834.npy,1
spc_05836.npy,0
spc_05837.npy,0
spc_05838.npy,0
spc_05839.npy,0
spc_05840.npy,0
spc_05842.npy,1
spc_05843.npy,0
spc_05846.npy,0
spc_05848.npy,0
spc_05849.npy,0
spc_05850.npy,1
spc_05851.npy,0
spc_05853.npy,0
spc_05854.npy,1
spc_05856.npy,1
spc_05859.npy,0
spc_05860.npy,0
spc_05862.npy,0
spc_05863.npy,0
spc_05865.npy,0
spc_05866.npy,0
spc_05867.npy,0
spc_05868.npy,1
spc_05869.npy,1
spc_05872.npy,1
spc_05873.npy,0
spc_05874.npy,0
spc_05876.npy,1
spc_05877.npy,0
spc_05879.npy,0
spc_05880.npy,1
spc_05881.npy,0
spc_05882.npy,0
spc_05884.npy,0
spc_05885.npy,0
spc_05886.npy,1
spc_05887.npy,0
spc_05888.npy,0
spc_05889.npy,0
spc_05890.npy,0
spc_05892.npy,0
spc_05893.npy,0
spc_05894.npy,0
spc_05895.npy,0
spc_05897.npy,0
spc_05899.npy,0
spc_05901.npy,1
spc_05902.npy,0
spc_05903.npy,0
spc_05904.npy,1
spc_05906.npy,0
spc_05907.npy,1
spc_05909.npy,0
spc_05910.npy,0
spc_05911.npy,0
spc_05912.npy,0
spc_05913.npy,0
spc_05914.npy,1
spc_05915.npy,1
spc_05918.npy,0
spc_05919.npy,0
spc_05921.npy,1
spc_05922.npy,1
spc_05924.npy,0
spc_05926.npy,0
spc_05928.npy,1
spc_05929.npy,0
spc_05931.npy,0
spc_05932.npy,0
spc_05936.npy,0
spc_05938.npy,0
spc_05939.npy,1
spc_05940.npy,0
spc_05941.npy,0
spc_05942.npy,0
spc_05944.npy,0
spc_05946.npy,0
spc_05947.npy,0
spc_05949.npy,0
spc_05951.npy,0
spc_05953.npy,1
spc_05955.npy,0
spc_05957.npy,0
spc_05959.npy,0
spc_05968.npy,1
spc_05969.npy,0
spc_05972.npy,1
spc_05974.npy,0
spc_05975.npy,1
spc_05976.npy,1
spc_05977.npy,0
spc_05979.npy,0
spc_05980.npy,0
spc_05981.npy,0
spc_05983.npy,0
spc_05988.npy,1
spc_05989.npy,0
spc_05990.npy,0
spc_05991.npy,0
spc_05993.npy,0
spc_05994.npy,0
spc_05995.npy,0
spc_05998.npy,1
spc_05999.npy,0
spc_06000.npy,0
spc_06003.npy,1
spc_06004.npy,0
spc_06005.npy,1
spc_06006.npy,1
spc_06007.npy,1
spc_06008.npy,0
spc_06009.npy,0
spc_06010.npy,1
spc_06011.npy,1
spc_06012.npy,0
spc_06013.npy,0
spc_06015.npy,0
spc_06016.npy,0
spc_06018.npy,0
spc_06020.npy,0
spc_06021.npy,0
spc_06023.npy,0
spc_06024.npy,0
spc_06028.npy,1
spc_06029.npy,0
spc_06030.npy,0
spc_06031.npy,1
spc_06032.npy,1
spc_06033.npy,0
spc_06036.npy,0
spc_06037.npy,1
spc_06039.npy,0
spc_06040.npy,0
spc_06041.npy,1
spc_06043.npy,0
spc_06044.npy,0
spc_06046.npy,0
spc_06048.npy,0
spc_06049.npy,1
spc_06050.npy,0
spc_06052.npy,0
spc_06055.npy,0
spc_06056.npy,1
spc_06057.npy,1
spc_06058.npy,1
spc_06059.npy,0
spc_06060.npy,1
spc_06061.npy,0
spc_06062.npy,0
spc_06063.npy,0
spc_06065.npy,0
spc_06066.npy,0
spc_06068.npy,0
spc_06069.npy,0
spc_06070.npy,0
spc_06071.npy,1
spc_06072.npy,0
spc_06073.npy,1
spc_06074.npy,0
spc_06075.npy,0
spc_06077.npy,0
spc_06078.npy,1
spc_06080.npy,0
spc_06081.npy,1
spc_06083.npy,1
spc_06084.npy,0
spc_06085.npy,1
spc_06086.npy,0
spc_06087.npy,0
spc_06088.npy,0
spc_06089.npy,0
spc_06090.npy,1
spc_06091.npy,0
spc_06093.npy,0
spc_06094.npy,1
spc_06095.npy,0
spc_06099.npy,0
spc_06100.npy,0
spc_06101.npy,0
spc_06102.npy,0
spc_06104.npy,0
spc_06105.npy,1
spc_06107.npy,1
spc_06108.npy,0
spc_06110.npy,0
spc_06113.npy,0
spc_06115.npy,1
spc_06116.npy,0
spc_06119.npy,0
spc_06121.npy,1
spc_06122.npy,0
spc_06124.npy,1
spc_06125.npy,0
spc_06126.npy,1
spc_06128.npy,0
spc_06129.npy,0
spc_06130.npy,0
spc_06134.npy,1
spc_06136.npy,0
spc_06137.npy,0
spc_06139.npy,0
spc_06144.npy,0
spc_06145.npy,0
spc_06146.npy,0
spc_06147.npy,1
spc_06148.npy,1
spc_06149.npy,1
spc_06150.npy,0
spc_06151.npy,1
spc_06152.npy,0
spc_06155.npy,0
spc_06156.npy,0
spc_06157.npy,1
spc_06158.npy,0
spc_06159.npy,1
spc_06162.npy,0
spc_06163.npy,0
spc_06164.npy,0
spc_06167.npy,1
spc_06168.npy,0
spc_06172.npy,0
spc_06173.npy,0
spc_06175.npy,0
spc_06177.npy,0
spc_06180.npy,0
spc_06181.npy,0
spc_06183.npy,0
spc_06184.npy,0
spc_06185.npy,0
spc_06186.npy,0
spc_06191.npy,0
spc_06192.npy,1
spc_06193.npy,1
spc_06194.npy,0
spc_06195.npy,1
spc_06196.npy,0
spc_06197.npy,0
spc_06198.npy,1
spc_06199.npy,0
spc_06200.npy,1
spc_06202.npy,1
spc_06204.npy,0
spc_06205.npy,0
spc_06206.npy,1
spc_06207.npy,0
spc_06208.npy,0
spc_06209.npy,0
spc_06210.npy,0
spc_06211.npy,1
spc_06212.npy,0
spc_06213.npy,1
spc_06214.npy,0
spc_06215.npy,0
spc_06218.npy,1
spc_06219.npy,0
spc_06220.npy,1
spc_06222.npy,1
spc_06223.npy,1
spc_06224.npy,0
spc_06225.npy,0
spc_06226.npy,0
spc_06227.npy,0
spc_06228.npy,1
spc_06229.npy,0
spc_06230.npy,0
spc_06231.npy,0
spc_06232.npy,0
spc_06234.npy,0
spc_06235.npy,0
spc_06236.npy,0
spc_06237.npy,0
spc_06238.npy,1
spc_06240.npy,1
spc_06241.npy,0
spc_06244.npy,0
spc_06245.npy,1
spc_06246.npy,0
spc_06247.npy,1
spc_06248.npy,1
spc_06249.npy,1
spc_06251.npy,0
spc_06252.npy,0
spc_06253.npy,0
spc_06254.npy,0
spc_06255.npy,0
spc_06256.npy,0
spc_06257.npy,1
spc_06258.npy,0
spc_06261.npy,1
spc_06263.npy,0
spc_06264.npy,0
spc_06265.npy,0
spc_06266.npy,0
spc_06268.npy,1
spc_06269.npy,0
spc_06271.npy,0
spc_06273.npy,0
spc_06274.npy,0
spc_06275.npy,0
spc_06276.npy,0
spc_06277.npy,0
spc_06278.npy,0
spc_06280.npy,0
spc_06281.npy,1
spc_06282.npy,0
spc_06283.npy,0
spc_06284.npy,1
spc_06285.npy,1
spc_06287.npy,0
spc_06288.npy,1
spc_06289.npy,0
spc_06292.npy,0
spc_06293.npy,0
spc_06294.npy,1
spc_06295.npy,1
spc_06296.npy,1
spc_06297.npy,1
spc_06298.npy,0
spc_06301.npy,1
spc_06302.npy,0
spc_06304.npy,0
spc_06305.npy,0
spc_06306.npy,0
spc_06308.npy,1
spc_06310.npy,1
spc_06313.npy,0
spc_06314.npy,0
spc_06315.npy,0
spc_06317.npy,0
spc_06318.npy,1
spc_06319.npy,0
spc_06320.npy,1
spc_06321.npy,0
spc_06322.npy,0
spc_06323.npy,1
spc_06324.npy,0
spc_06325.npy,0
spc_06326.npy,0
spc_06327.npy,1
spc_06329.npy,0
spc_06330.npy,0
spc_06331.npy,0
spc_06334.npy,0
spc_06335.npy,0
spc_06336.npy,0
spc_06337.npy,0
spc_06338.npy,1
spc_06339.npy,0
spc_06340.npy,0
spc_06341.npy,0
spc_06342.npy,0
spc_06344.npy,1
spc_06345.npy,1
spc_06348.npy,0
spc_06350.npy,0
spc_06351.npy,1
spc_06352.npy,1
spc_06353.npy,1
spc_06356.npy,1
spc_06358.npy,0
spc_06359.npy,0
spc_06360.npy,0
spc_06362.npy,1
spc_06363.npy,0
spc_06364.npy,1
spc_06365.npy,0
spc_06366.npy,1
spc_06368.npy,0
spc_06369.npy,0
spc_06370.npy,0
spc_06372.npy,0
spc_06375.npy,1
spc_06376.npy,1
spc_06380.npy,0
spc_06381.npy,0
spc_06382.npy,0
spc_06383.npy,0
spc_06384.npy,0
spc_06385.npy,0
spc_06386.npy,0
spc_06388.npy,1
spc_06389.npy,0
spc_06390.npy,1
spc_06391.npy,0
spc_06392.npy,1
spc_06395.npy,0
spc_06396.npy,0
spc_06399.npy,0
spc_06400.npy,0
spc_06402.npy,0
spc_06403.npy,0
spc_06405.npy,0
spc_06408.npy,0
spc_06409.npy,1
spc_06410.npy,0
spc_06412.npy,0
spc_06413.npy,0
spc_06414.npy,1
spc_06416.npy,0
spc_06417.npy,1
spc_06419.npy,0
spc_06420.npy,0
spc_06421.npy,0
spc_06422.npy,0
spc_06424.npy,0
spc_06427.npy,0
spc_06428.npy,0
spc_06430.npy,0
spc_06431.npy,1
spc_06432.npy,0
spc_06433.npy,0
spc_06434.npy,0
spc_06436.npy,1
spc_06437.npy,1
spc_06439.npy,0
spc_06441.npy,0
spc_06442.npy,0
spc_06444.npy,1
spc_06445.npy,0
spc_06446.npy,0
spc_06447.npy,0
spc_06450.npy,0
spc_06451.npy,1
spc_06454.npy,0
spc_06455.npy,0
spc_06456.npy,0
spc_06458.npy,0
spc_06459.npy,1
spc_06460.npy,0
spc_06461.npy,0
spc_06462.npy,0
spc_06466.npy,1
spc_06467.npy,0
spc_06469.npy,1
spc_06470.npy,1
spc_06471.npy,0
spc_06472.npy,0
spc_06474.npy,1
spc_06475.npy,0
spc_06476.npy,1
spc_06477.npy,0
spc_06478.npy,0
spc_06480.npy,1
spc_06483.npy,0
spc_06484.npy,0
spc_06486.npy,1
spc_06487.npy,1
spc_06489.npy,0
spc_06490.npy,1
spc_06492.npy,0
spc_06493.npy,0
spc_06494.npy,1
spc_06496.npy,1
spc_06497.npy,0
spc_06498.npy,0
spc_06499.npy,0
spc_06502.npy,0
spc_06503.npy,0
spc_06504.npy,0
spc_06506.npy,0
spc_06508.npy,0
spc_06512.npy,0
spc_06513.npy,1
spc_06514.npy,0
spc_06516.npy,0
spc_06518.npy,0
spc_06521.npy,0
spc_06522.npy,0
spc_06523.npy,0
spc_06524.npy,1
spc_06525.npy,0
spc_06526.npy,0
spc_06530.npy,0
spc_06531.npy,1
spc_06532.npy,1
spc_06534.npy,1
spc_06536.npy,0
spc_06537.npy,0
spc_06538.npy,0
spc_06539.npy,0
spc_06542.npy,1
spc_06543.npy,0
spc_06544.npy,1
spc_06545.npy,1
spc_06546.npy,0
spc_06550.npy,0
spc_06551.npy,0
spc_06552.npy,0
spc_06553.npy,0
spc_06554.npy,1
spc_06555.npy,0
spc_06556.npy,0
spc_06558.npy,0
spc_06559.npy,0
spc_06560.npy,1
spc_06562.npy,1
spc_06563.npy,0
spc_06564.npy,0
spc_06567.npy,0
spc_06568.npy,0
spc_06569.npy,1
spc_06570.npy,0
spc_06571.npy,1
spc_06572.npy,1
spc_06573.npy,1
spc_06574.npy,1
spc_06576.npy,0
spc_06577.npy,1
spc_06580.npy,1
spc_06581.npy,0
spc_06582.npy,0
spc_06583.npy,0
spc_06584.npy,0
spc_06585.npy,0
spc_06586.npy,1
spc_06588.npy,1
spc_06589.npy,0
spc_06590.npy,0
spc_06591.npy,0
spc_06592.npy,0
spc_06594.npy,1
spc_06595.npy,1
spc_06596.npy,1
spc_06597.npy,0
spc_06598.npy,1
spc_06599.npy,0
spc_06601.npy,0
spc_06602.npy,0
spc_06603.npy,1
spc_06604.npy,0
spc_06605.npy,1
spc_06607.npy,0
spc_06608.npy,1
spc_06609.npy,1
spc_06610.npy,0
spc_06611.npy,0
spc_06612.npy,1
spc_06613.npy,0
spc_06614.npy,0
spc_06615.npy,1
spc_06617.npy,1
spc_06618.npy,0
spc_06619.npy,0
spc_06622.npy,0
spc_06625.npy,0
spc_06626.npy,0
spc_06627.npy,0
spc_06628.npy,1
spc_06629.npy,1
spc_06631.npy,0
spc_06632.npy,0
spc_06636.npy,0
spc_06637.npy,0
spc_06638.npy,1
spc_06640.npy,0
spc_06642.npy,0
spc_06643.npy,0
spc_06644.npy,0
spc_06645.npy,0
spc_06646.npy,0
spc_06648.npy,1
spc_06649.npy,1
spc_06650.npy,1
spc_06651.npy,0
spc_06654.npy,0
spc_06656.npy,0
spc_06660.npy,0
spc_06662.npy,0
spc_06663.npy,0
spc_06664.npy,0
spc_06666.npy,1
spc_06669.npy,1
spc_06672.npy,1
spc_06673.npy,1
spc_06676.npy,1
spc_06677.npy,1
spc_06678.npy,1
spc_06679.npy,1
spc_06680.npy,0
spc_06682.npy,0
spc_06683.npy,0
spc_06685.npy,0
spc_06686.npy,1
spc_06687.npy,0
spc_06688.npy,0
spc_06689.npy,0
spc_06691.npy,1
spc_06692.npy,0
spc_06693.npy,1
spc_06696.npy,0
spc_06697.npy,0
spc_06698.npy,0
spc_06699.npy,0
spc_06700.npy,1
spc_06702.npy,0
spc_06703.npy,0
spc_06704.npy,0
spc_06705.npy,1
spc_06707.npy,0
spc_06708.npy,0
spc_06709.npy,0
spc_06710.npy,0
spc_06712.npy,1
spc_06713.npy,0
spc_06715.npy,1
spc_06716.npy,0
spc_06718.npy,1
spc_06719.npy,0
spc_06720.npy,0
spc_06721.npy,1
spc_06722.npy,1
spc_06723.npy,0
spc_06727.npy,1
spc_06728.npy,1
spc_06731.npy,1
spc_06732.npy,0
spc_06733.npy,1
spc_06734.npy,0
spc_06735.npy,0
spc_06736.npy,0
spc_06738.npy,1
spc_06739.npy,0
spc_06740.npy,0
spc_06741.npy,1
spc_06742.npy,1
spc_06743.npy,0
spc_06746.npy,0
spc_06748.npy,0
spc_06749.npy,0
spc_06750.npy,0
spc_06751.npy,1
spc_06752.npy,1
spc_06754.npy,0
spc_06755.npy,1
spc_06758.npy,1
spc_06760.npy,0
spc_06761.npy,1
spc_06763.npy,0
spc_06764.npy,0
spc_06766.npy,0
spc_06772.npy,1
spc_06773.npy,0
spc_06774.npy,0
spc_06775.npy,1
spc_06776.npy,0
spc_06778.npy,1
spc_06779.npy,0
spc_06780.npy,0
spc_06781.npy,1
spc_06783.npy,0
spc_06784.npy,0
spc_06785.npy,0
spc_06787.npy,0
spc_06793.npy,0
spc_06795.npy,1
spc_06796.npy,0
spc_06797.npy,0
spc_06798.npy,1
spc_06799.npy,0
spc_06800.npy,0
spc_06801.npy,1
spc_06802.npy,1
spc_06803.npy,0
spc_06805.npy,1
spc_06807.npy,0
spc_06808.npy,0
spc_06810.npy,0
spc_06811.npy,0
spc_06812.npy,0
spc_06813.npy,1
spc_06815.npy,0
spc_06816.npy,0
spc_06818.npy,0
spc_06821.npy,0
spc_06822.npy,0
spc_06824.npy,0
spc_06825.npy,0
spc_06826.npy,0
spc_06829.npy,0
spc_06830.npy,0
spc_06831.npy,0
spc_06832.npy,0
spc_06833.npy,0
spc_06835.npy,0
spc_06837.npy,0
spc_06839.npy,0
spc_06841.npy,0
spc_06844.npy,0
spc_06845.npy,0
spc_06846.npy,0
spc_06848.npy,1
spc_06850.npy,0
spc_06851.npy,0
spc_06852.npy,1
spc_06854.npy,0
spc_06855.npy,0
spc_06856.npy,0
spc_06857.npy,1
spc_06859.npy,0
spc_06860.npy,1
spc_06862.npy,1
spc_06863.npy,0
spc_06864.npy,1
spc_06865.npy,0
spc_06866.npy,0
spc_06867.npy,0
spc_06873.npy,0
spc_06874.npy,0
spc_06875.npy,1
spc_06877.npy,0
spc_06879.npy,1
spc_06880.npy,0
spc_06881.npy,0
spc_06882.npy,0
spc_06883.npy,0
spc_06884.npy,0
spc_06885.npy,1
spc_06886.npy,1
spc_06887.npy,1
spc_06890.npy,0
spc_06891.npy,0
spc_06893.npy,0
spc_06894.npy,0
spc_06895.npy,1
spc_06900.npy,0
spc_06902.npy,0
spc_06903.npy,0
spc_06904.npy,0
spc_06905.npy,1
spc_06906.npy,1
spc_06907.npy,0
spc_06909.npy,1
spc_06912.npy,0
spc_06913.npy,0
spc_06914.npy,1
spc_06916.npy,0
spc_06917.npy,0
spc_06918.npy,0
spc_06919.npy,0
spc_06921.npy,0
spc_06922.npy,0
spc_06923.npy,0
spc_06925.npy,1
spc_06927.npy,1
spc_06928.npy,1
spc_06929.npy,1
spc_06930.npy,0
spc_06931.npy,0
spc_06932.npy,0
spc_06933.npy,1
spc_06936.npy,0
spc_06937.npy,1
spc_06939.npy,0
spc_06942.npy,0
spc_06944.npy,0
spc_06945.npy,0
spc_06946.npy,0
spc_06948.npy,0
spc_06949.npy,0
spc_06951.npy,0
spc_06953.npy,0
spc_06954.npy,1
spc_06955.npy,0
spc_06956.npy,0
spc_06959.npy,0
spc_06960.npy,1
spc_06962.npy,0
spc_06963.npy,0
spc_06964.npy,0
spc_06965.npy,1
spc_06967.npy,0
spc_06969.npy,1
spc_06971.npy,0
spc_06972.npy,1
spc_06973.npy,0
spc_06978.npy,0
spc_06980.npy,0
spc_06981.npy,1
spc_06982.npy,0
spc_06983.npy,0
spc_06984.npy,1
spc_06985.npy,1
spc_06986.npy,0
spc_06987.npy,1
spc_06990.npy,0
spc_06993.npy,1
spc_06994.npy,0
spc_06995.npy,0
spc_06996.npy,0
spc_07000.npy,1
spc_07001.npy,0
spc_07003.npy,1
spc_07004.npy,0
spc_07005.npy,0
spc_07006.npy,1
spc_07007.npy,1
spc_07008.npy,0
spc_07010.npy,1
spc_07011.npy,1
spc_07013.npy,0
spc_07014.npy,1
spc_07015.npy,0
spc_07018.npy,0
spc_07019.npy,1
spc_07020.npy,1
spc_07022.npy,0
spc_07024.npy,0
spc_07025.npy,0
spc_07027.npy,0
spc_07030.npy,1
spc_07031.npy,0
spc_07032.npy,1
spc_07034.npy,0
spc_07035.npy,0
spc_07037.npy,0
spc_07038.npy,0
spc_07041.npy,1
spc_07042.npy,0
spc_07044.npy,1
spc_07045.npy,1
spc_07046.npy,0
spc_07047.npy,0
spc_07048.npy,0
spc_07049.npy,0
spc_07051.npy,0
spc_07052.npy,0
spc_07053.npy,1
spc_07056.npy,0
spc_07058.npy,0
spc_07059.npy,0
spc_07060.npy,0
spc_07061.npy,0
spc_07062.npy,0
spc_07063.npy,1
spc_07064.npy,0
spc_07065.npy,1
spc_07066.npy,0
spc_07067.npy,1
spc_07068.npy,0
spc_07069.npy,1
spc_07070.npy,0
spc_07071.npy,0
spc_07072.npy,0
spc_07074.npy,1
spc_07079.npy,1
spc_07081.npy,0
spc_07082.npy,0
spc_07084.npy,1
spc_07085.npy,0
spc_07086.npy,1
spc_07087.npy,1
spc_07089.npy,0
spc_07090.npy,0
spc_07092.npy,1
spc_07093.npy,1
spc_07094.npy,0
spc_07096.npy,0
spc_07098.npy,0
spc_07099.npy,1
spc_07100.npy,1
spc_07101.npy,0
spc_07102.npy,0
spc_07103.npy,0
spc_07104.npy,1
spc_07105.npy,1
spc_07106.npy,0
spc_07108.npy,0
spc_07110.npy,0
spc_07111.npy,1
spc_07112.npy,0
spc_07113.npy,0
spc_07114.npy,0
spc_07115.npy,1
spc_07117.npy,1
spc_07119.npy,0
spc_07120.npy,1
spc_07121.npy,0
spc_07122.npy,0
spc_07123.npy,1
spc_07125.npy,0
spc_07126.npy,0
spc_07128.npy,1
spc_07129.npy,1
spc_07130.npy,0
spc_07131.npy,0
spc_07132.npy,0
spc_07133.npy,0
spc_07134.npy,1
spc_07135.npy,1
spc_07136.npy,0
spc_07137.npy,0
spc_07138.npy,1
spc_07142.npy,1
spc_07143.npy,1
spc_07145.npy,0
spc_07146.npy,0
spc_07147.npy,0
spc_07148.npy,0
spc_07150.npy,0
spc_07151.npy,1
spc_07152.npy,0
spc_07153.npy,1
spc_07155.npy,0
spc_07156.npy,1
spc_07159.npy,1
spc_07160.npy,1
spc_07163.npy,1
spc_07164.npy,0
spc_07166.npy,1
spc_07167.npy,1
spc_07169.npy,1
spc_07170.npy,1
spc_07173.npy,0
spc_07175.npy,0
spc_07176.npy,1
spc_07179.npy,1
spc_07180.npy,1
spc_07181.npy,0
spc_07182.npy,1
spc_07184.npy,1
spc_07185.npy,0
spc_07186.npy,1
spc_07188.npy,1
spc_07189.npy,1
spc_07190.npy,0
spc_07192.npy,0
spc_07194.npy,0
spc_07195.npy,0
spc_07196.npy,1
spc_07197.npy,0
spc_07198.npy,0
spc_07201.npy,0
spc_07202.npy,0
spc_07206.npy,1
spc_07207.npy,0
spc_07208.npy,0
spc_07209.npy,0
spc_07210.npy,0
spc_07211.npy,0
spc_07212.npy,0
spc_07214.npy,0
spc_07215.npy,0
spc_07216.npy,0
spc_07217.npy,0
spc_07223.npy,0
spc_07224.npy,0
spc_07225.npy,1
spc_07226.npy,1
spc_07227.npy,1
spc_07228.npy,0
spc_07230.npy,0
spc_07231.npy,1
spc_07232.npy,1
spc_07233.npy,0
spc_07234.npy,0
spc_07235.npy,0
spc_07237.npy,0
spc_07238.npy,0
spc_07240.npy,1
spc_07241.npy,1
spc_07242.npy,1
spc_07243.npy,1
spc_07248.npy,1
spc_07251.npy,0
spc_07252.npy,0
spc_07253.npy,1
spc_07254.npy,1
spc_07256.npy,0
spc_07257.npy,1
spc_07260.npy,0
spc_07264.npy,0
spc_07265.npy,0
spc_07266.npy,1
spc_07268.npy,1
spc_07269.npy,0
spc_07270.npy,0
spc_07271.npy,1
spc_07272.npy,1
spc_07274.npy,0
spc_07275.npy,0
spc_07276.npy,1
spc_07277.npy,0
spc_07278.npy,0
spc_07279.npy,0
spc_07280.npy,0
spc_07286.npy,0
spc_07287.npy,0
spc_07288.npy,0
spc_07289.npy,0
spc_07290.npy,0
spc_07291.npy,0
spc_07292.npy,0
spc_07295.npy,1
spc_07297.npy,1
spc_07300.npy,1
spc_07301.npy,0
spc_07302.npy,0
spc_07304.npy,0
spc_07305.npy,0
spc_07308.npy,0
spc_07309.npy,0
spc_07310.npy,0
spc_07311.npy,0
spc_07312.npy,1
spc_07313.npy,1
spc_07314.npy,0
spc_07315.npy,1
spc_07317.npy,0
spc_07318.npy,0
spc_07319.npy,0
spc_07320.npy,1
spc_07321.npy,1
spc_07322.npy,0
spc_07323.npy,0
spc_07324.npy,0
spc_07325.npy,0
spc_07327.npy,0
spc_07328.npy,0
spc_07329.npy,0
spc_07330.npy,0
spc_07332.npy,1
spc_07333.npy,1
spc_07334.npy,0
spc_07335.npy,0
spc_07336.npy,0
spc_07337.npy,0
spc_07340.npy,1
spc_07341.npy,1
spc_07343.npy,0
spc_07344.npy,1
spc_07346.npy,1
spc_07347.npy,0
spc_07352.npy,0
spc_07353.npy,0
spc_07355.npy,1
spc_07356.npy,1
spc_07357.npy,1
spc_07358.npy,0
spc_07359.npy,0
spc_07360.npy,1
spc_07361.npy,0
spc_07363.npy,0
spc_07365.npy,0
spc_07366.npy,1
spc_07367.npy,0
spc_07368.npy,0
spc_07369.npy,1
spc_07370.npy,0
spc_07372.npy,0
spc_07373.npy,0
spc_07374.npy,1
spc_07375.npy,0
spc_07376.npy,0
spc_07377.npy,0
spc_07379.npy,0
spc_07380.npy,1
spc_07382.npy,0
spc_07383.npy,0
spc_07384.npy,1
spc_07386.npy,1
spc_07387.npy,0
spc_07388.npy,1
spc_07390.npy,0
spc_07391.npy,1
spc_07392.npy,1
spc_07393.npy,1
spc_07395.npy,0
spc_07397.npy,1
spc_07398.npy,0
spc_07401.npy,0
spc_07402.npy,1
spc_07405.npy,1
spc_07406.npy,0
spc_07407.npy,1
spc_07408.npy,0
spc_07410.npy,1
spc_07411.npy,0
spc_07414.npy,0
spc_07415.npy,1
spc_07417.npy,0
spc_07418.npy,1
spc_07422.npy,1
spc_07426.npy,1
spc_07429.npy,1
spc_07431.npy,0
spc_07432.npy,1
spc_07433.npy,0
spc_07434.npy,1
spc_07435.npy,1
spc_07438.npy,0
spc_07439.npy,0
spc_07442.npy,0
spc_07443.npy,0
spc_07444.npy,0
spc_07445.npy,1
spc_07447.npy,0
spc_07449.npy,0
spc_07450.npy,0
spc_07452.npy,0
spc_07454.npy,0
spc_07455.npy,1
spc_07456.npy,1
spc_07457.npy,0
spc_07459.npy,0
spc_07462.npy,1
spc_07463.npy,0
spc_07464.npy,0
spc_07466.npy,0
spc_07469.npy,0
spc_07473.npy,0
spc_07474.npy,0
spc_07475.npy,1
spc_07476.npy,1
spc_07478.npy,0
spc_07479.npy,0
spc_07480.npy,1
spc_07481.npy,0
spc_07482.npy,0
spc_07483.npy,0
spc_07484.npy,0
spc_07486.npy,0
spc_07487.npy,0
spc_07490.npy,0
spc_07492.npy,0
spc_07494.npy,0
spc_07496.npy,0
spc_07497.npy,0
spc_07499.npy,1
spc_07500.npy,0
spc_07501.npy,1
spc_07503.npy,0
spc_07504.npy,1
spc_07505.npy,1
spc_07506.npy,1
spc_07507.npy,1
spc_07509.npy,0
spc_07511.npy,0
spc_07516.npy,1
spc_07520.npy,0
spc_07522.npy,0
spc_07523.npy,0
spc_07524.npy,1
spc_07525.npy,0
spc_07526.npy,0
spc_07527.npy,0
spc_07528.npy,0
spc_07529.npy,1
spc_07531.npy,0
spc_07532.npy,0
spc_07533.npy,0
spc_07535.npy,0
spc_07536.npy,1
spc_07538.npy,0
spc_07541.npy,0
spc_07542.npy,1
spc_07543.npy,1
spc_07544.npy,0
spc_07545.npy,0
spc_07546.npy,1
spc_07549.npy,0
spc_07552.npy,1
spc_07553.npy,1
spc_07554.npy,1
spc_07555.npy,1
spc_07556.npy,0
spc_07558.npy,1
spc_07559.npy,0
spc_07560.npy,0
spc_07562.npy,1
spc_07564.npy,1
spc_07565.npy,1
spc_07566.npy,0
spc_07568.npy,0
spc_07571.npy,1
spc_07572.npy,0
spc_07573.npy,0
spc_07574.npy,1
spc_07575.npy,1
spc_07576.npy,0
spc_07577.npy,0
spc_07579.npy,0
spc_07580.npy,0
spc_07581.npy,0
spc_07582.npy,0
spc_07583.npy,1
spc_07585.npy,0
spc_07586.npy,1
spc_07587.npy,1
spc_07588.npy,1
spc_07589.npy,0
spc_07591.npy,0
spc_07592.npy,0
spc_07593.npy,1
spc_07594.npy,0
spc_07596.npy,0
spc_07597.npy,1
spc_07599.npy,1
spc_07601.npy,1
spc_07602.npy,0
spc_07604.npy,0
spc_07606.npy,0
spc_07609.npy,0
spc_07611.npy,1
spc_07613.npy,1
spc_07614.npy,1
spc_07615.npy,1
spc_07617.npy,1
spc_07618.npy,0
spc_07619.npy,1
spc_07620.npy,0
spc_07621.npy,1
spc_07623.npy,1
spc_07625.npy,0
spc_07627.npy,0
spc_07628.npy,0
spc_07630.npy,0
spc_07631.npy,0
spc_07632.npy,1
spc_07633.npy,0
spc_07634.npy,1
spc_07635.npy,0
spc_07637.npy,0
spc_07638.npy,0
spc_07640.npy,0
spc_07643.npy,1
spc_07644.npy,0
spc_07646.npy,1
spc_07647.npy,1
spc_07648.npy,0
spc_07649.npy,0
spc_07652.npy,1
spc_07656.npy,1
spc_07657.npy,0
spc_07658.npy,0
spc_07659.npy,0
spc_07661.npy,1
spc_07662.npy,0
spc_07663.npy,1
spc_07664.npy,0
spc_07666.npy,0
spc_07667.npy,0
spc_07668.npy,1
spc_07669.npy,0
spc_07670.npy,0
spc_07672.npy,1
spc_07673.npy,1
spc_07675.npy,0
spc_07676.npy,1
spc_07677.npy,0
spc_07678.npy,0
spc_07680.npy,0
spc_07681.npy,1
spc_07682.npy,0
spc_07683.npy,0
spc_07684.npy,1
spc_07685.npy,0
spc_07687.npy,0
spc_07688.npy,0
spc_07689.npy,0
spc_07691.npy,0
spc_07692.npy,1
spc_07693.npy,0
spc_07696.npy,1
spc_07697.npy,0
spc_07698.npy,0
spc_07700.npy,1
spc_07703.npy,1
spc_07704.npy,1
spc_07706.npy,0
spc_07709.npy,0
spc_07710.npy,0
spc_07711.npy,0
spc_07712.npy,1
spc_07713.npy,0
spc_07715.npy,0
spc_07717.npy,0
spc_07719.npy,0
spc_07720.npy,0
spc_07721.npy,0
spc_07722.npy,1
spc_07723.npy,0
spc_07724.npy,0
spc_07725.npy,1
spc_07726.npy,1
spc_07729.npy,1
spc_07731.npy,0
spc_07733.npy,0
spc_07734.npy,0
spc_07736.npy,0
spc_07737.npy,0
spc_07739.npy,1
spc_07741.npy,0
spc_07742.npy,1
spc_07743.npy,0
spc_07745.npy,1
spc_07747.npy,0
spc_07748.npy,0
spc_07749.npy,1
spc_07750.npy,1
spc_07751.npy,0
spc_07752.npy,0
spc_07753.npy,0
spc_07755.npy,0
spc_07757.npy,0
spc_07758.npy,1
spc_07759.npy,0
spc_07762.npy,0
spc_07763.npy,1
spc_07764.npy,0
spc_07765.npy,1
spc_07766.npy,0
spc_07767.npy,0
spc_07769.npy,0
spc_07770.npy,0
spc_07771.npy,1
spc_07774.npy,1
spc_07775.npy,0
spc_07776.npy,1
spc_07777.npy,0
spc_07778.npy,0
spc_07781.npy,0
spc_07782.npy,0
spc_07784.npy,0
spc_07785.npy,0
spc_07791.npy,0
spc_07793.npy,0
spc_07795.npy,0
spc_07796.npy,1
spc_07797.npy,1
spc_07798.npy,0
spc_07799.npy,1
spc_07800.npy,0
spc_07802.npy,0
spc_07803.npy,0
spc_07804.npy,0
spc_07806.npy,0
spc_07807.npy,0
spc_07808.npy,1
spc_07810.npy,1
spc_07812.npy,0
spc_07813.npy,1
spc_07814.npy,1
spc_07818.npy,0
spc_07819.npy,1
spc_07820.npy,0
spc_07821.npy,0
spc_07822.npy,0
spc_07823.npy,0
spc_07825.npy,0
spc_07827.npy,0
spc_07829.npy,0
spc_07831.npy,1
spc_07833.npy,0
spc_07834.npy,1
spc_07836.npy,0
spc_07838.npy,1
spc_07839.npy,0
spc_07840.npy,0
spc_07841.npy,1
spc_07842.npy,1
spc_07843.npy,0
spc_07844.npy,1
spc_07847.npy,0
spc_07848.npy,0
spc_07849.npy,0
spc_07851.npy,1
spc_07852.npy,0
spc_07853.npy,0
spc_07855.npy,0
spc_07856.npy,0
spc_07858.npy,1
spc_07860.npy,0
spc_07863.npy,0
spc_07864.npy,0
spc_07867.npy,0
spc_07868.npy,1
spc_07870.npy,0
spc_07871.npy,0
spc_07872.npy,0
spc_07873.npy,0
spc_07874.npy,1
spc_07875.npy,0
spc_07876.npy,1
spc_07882.npy,0
spc_07883.npy,0
spc_07884.npy,1
spc_07886.npy,1
spc_07889.npy,0
spc_07890.npy,0
spc_07891.npy,1
spc_07892.npy,1
spc_07893.npy,1
spc_07894.npy,1
spc_07895.npy,0
spc_07896.npy,1
spc_07898.npy,0
spc_07901.npy,0
spc_07902.npy,0
spc_07903.npy,0
spc_07904.npy,0
spc_07905.npy,0
spc_07906.npy,1
spc_07907.npy,0
spc_07908.npy,0
spc_07909.npy,1
spc_07910.npy,0
spc_07915.npy,1
spc_07916.npy,1
spc_07917.npy,1
spc_07918.npy,0
spc_07919.npy,1
spc_07922.npy,0
spc_07923.npy,1
spc_07926.npy,0
spc_07927.npy,0
spc_07932.npy,0
spc_07933.npy,1
spc_07936.npy,0
spc_07937.npy,0
spc_07938.npy,1
spc_07939.npy,0
spc_07940.npy,0
spc_07941.npy,1
spc_07942.npy,0
spc_07943.npy,0
spc_07945.npy,0
spc_07946.npy,0
spc_07948.npy,0
spc_07949.npy,1
spc_07950.npy,1
spc_07952.npy,0
spc_07954.npy,0
spc_07957.npy,0
spc_07959.npy,0
spc_07960.npy,0
spc_07961.npy,1
spc_07963.npy,1
spc_07964.npy,1
spc_07965.npy,0
spc_07966.npy,1
spc_07968.npy,1
spc_07971.npy,0
spc_07972.npy,1
spc_07973.npy,0
spc_07974.npy,1
spc_07975.npy,0
spc_07977.npy,1
spc_07978.npy,1
spc_07980.npy,1
spc_07981.npy,1
spc_07982.npy,1
spc_07983.npy,1
spc_07986.npy,0
spc_07988.npy,1
spc_07989.npy,1
spc_07990.npy,0
spc_07991.npy,1
spc_07994.npy,1
spc_07995.npy,1
spc_07996.npy,0
spc_07997.npy,1
spc_07998.npy,1
spc_07999.npy,0
spc_08000.npy,0
spc_08001.npy,1
spc_08002.npy,0
spc_08003.npy,0
spc_08004.npy,1
spc_08005.npy,0
spc_08011.npy,0
spc_08012.npy,0
spc_08013.npy,0
spc_08014.npy,0
spc_08015.npy,0
spc_08016.npy,0
spc_08017.npy,0
spc_08018.npy,0
spc_08020.npy,0
spc_08022.npy,1
spc_08023.npy,0
spc_08024.npy,0
spc_08027.npy,0
spc_08028.npy,0
spc_08031.npy,0
spc_08034.npy,0
spc_08036.npy,1
spc_08037.npy,0
spc_08039.npy,0
spc_08040.npy,0
spc_08041.npy,0
spc_08043.npy,0
spc_08045.npy,0
spc_08046.npy,0
spc_08047.npy,0
spc_08050.npy,1
spc_08051.npy,0
spc_08056.npy,0
spc_08059.npy,1
spc_08060.npy,0
spc_08063.npy,0
spc_08064.npy,0
spc_08065.npy,0
spc_08066.npy,0
spc_08068.npy,0
spc_08070.npy,0
spc_08071.npy,0
spc_08072.npy,0
spc_08074.npy,1
spc_08075.npy,0
spc_08076.npy,1
spc_08077.npy,0
spc_08078.npy,1
spc_08080.npy,1
spc_08081.npy,1
spc_08082.npy,0
spc_08083.npy,1
spc_08084.npy,0
spc_08085.npy,0
spc_08086.npy,0
spc_08087.npy,0
spc_08088.npy,1
spc_08089.npy,1
spc_08090.npy,0
spc_08091.npy,1
spc_08092.npy,1
spc_08095.npy,0
spc_08096.npy,1
spc_08097.npy,1
spc_08098.npy,1
spc_08099.npy,0
spc_08100.npy,1
spc_08101.npy,0
spc_08103.npy,0
spc_08104.npy,1
spc_08105.npy,0
spc_08107.npy,0
spc_08108.npy,1
spc_08111.npy,1
spc_08112.npy,0
spc_08114.npy,1
spc_08115.npy,0
spc_08116.npy,0
spc_08119.npy,0
spc_08120.npy,0
spc_08121.npy,1
spc_08122.npy,1
spc_08123.npy,0
spc_08125.npy,0
spc_08127.npy,0
spc_08128.npy,0
spc_08129.npy,1
spc_08133.npy,0
spc_08134.npy,0
spc_08135.npy,0
spc_08136.npy,0
spc_08137.npy,0
spc_08141.npy,0
spc_08142.npy,1
spc_08143.npy,0
spc_08146.npy,1
spc_08147.npy,1
spc_08148.npy,0
spc_08149.npy,0
spc_08150.npy,0
spc_08151.npy,1
spc_08153.npy,0
spc_08154.npy,1
spc_08156.npy,1
spc_08157.npy,1
spc_08158.npy,1
spc_08159.npy,0
spc_08160.npy,0
spc_08165.npy,0
spc_08167.npy,0
spc_08168.npy,1
spc_08170.npy,1
spc_08172.npy,1
spc_08173.npy,0
spc_08174.npy,0
spc_08175.npy,1
spc_08176.npy,0
spc_08177.npy,0
spc_08179.npy,0
spc_08180.npy,1
spc_08181.npy,1
spc_08182.npy,1
spc_08183.npy,1
spc_08184.npy,0
spc_08186.npy,0
spc_08187.npy,0
spc_08188.npy,0
spc_08189.npy,0
spc_08190.npy,0
spc_08192.npy,0
spc_08193.npy,0
spc_08195.npy,1
spc_08196.npy,0
spc_08197.npy,0
spc_08198.npy,0
spc_08199.npy,1
spc_08201.npy,0
spc_08202.npy,0
spc_08203.npy,0
spc_08204.npy,0
spc_08205.npy,0
spc_08207.npy,0
spc_08209.npy,1
spc_08211.npy,0
spc_08212.npy,0
spc_08213.npy,0
spc_08215.npy,1
spc_08216.npy,1
spc_08218.npy,0
spc_08219.npy,0
spc_08221.npy,0
spc_08222.npy,1
spc_08223.npy,0
spc_08225.npy,0
spc_08226.npy,1
spc_08229.npy,0
spc_08230.npy,0
spc_08231.npy,0
spc_08233.npy,0
spc_08234.npy,0
spc_08236.npy,0
spc_08238.npy,0
spc_08240.npy,1
spc_08241.npy,0
spc_08242.npy,0
spc_08243.npy,0
spc_08244.npy,1
spc_08247.npy,0
spc_08248.npy,0
spc_08250.npy,0
spc_08251.npy,0
spc_08252.npy,0
spc_08253.npy,0
spc_08254.npy,0
spc_08255.npy,1
spc_08256.npy,0
spc_08257.npy,0
spc_08258.npy,1
spc_08259.npy,0
spc_08261.npy,1
spc_08263.npy,0
spc_08264.npy,1
spc_08265.npy,0
spc_08266.npy,0
spc_08267.npy,1
spc_08268.npy,1
spc_08269.npy,1
spc_08270.npy,0
spc_08272.npy,0
spc_08273.npy,0
spc_08274.npy,0
spc_08275.npy,1
spc_08276.npy,0
spc_08277.npy,0
spc_08278.npy,0
spc_08280.npy,0
spc_08281.npy,0
spc_08283.npy,0
spc_08284.npy,1
spc_08285.npy,0
spc_08289.npy,0
spc_08290.npy,0
spc_08292.npy,0
spc_08295.npy,0
spc_08298.npy,1
spc_08299.npy,0
spc_08300.npy,1
spc_08303.npy,0
spc_08304.npy,1
spc_08305.npy,0
spc_08308.npy,0
spc_08309.npy,1
spc_08310.npy,0
spc_08311.npy,1
spc_08313.npy,1
spc_08314.npy,0
spc_08315.npy,1
spc_08316.npy,1
spc_08317.npy,0
spc_08318.npy,0
spc_08319.npy,0
spc_08320.npy,1
spc_08321.npy,1
spc_08324.npy,1
spc_08325.npy,1
spc_08327.npy,1
spc_08329.npy,0
spc_08330.npy,0
spc_08332.npy,0
spc_08333.npy,0
spc_08334.npy,0
spc_08337.npy,0
spc_08338.npy,0
spc_08339.npy,1
spc_08340.npy,1
spc_08342.npy,1
spc_08343.npy,0
spc_08344.npy,1
spc_08345.npy,1
spc_08347.npy,0
spc_08348.npy,1
spc_08349.npy,1
spc_08350.npy,0
spc_08352.npy,0
spc_08354.npy,1
spc_08360.npy,0
spc_08363.npy,1
spc_08364.npy,0
spc_08365.npy,0
spc_08366.npy,0
spc_08367.npy,1
spc_08368.npy,0
spc_08369.npy,0
spc_08372.npy,0
spc_08373.npy,1
spc_08374.npy,0
spc_08375.npy,0
spc_08377.npy,0
spc_08378.npy,0
spc_08379.npy,1
spc_08380.npy,0
spc_08383.npy,0
spc_08384.npy,0
spc_08385.npy,1
spc_08386.npy,0
spc_08387.npy,0
spc_08388.npy,1
spc_08389.npy,0
spc_08390.npy,1
spc_08392.npy,0
spc_08393.npy,1
spc_08394.npy,1
spc_08396.npy,0
spc_08399.npy,0
spc_08400.npy,0
spc_08401.npy,1
spc_08402.npy,0
spc_08404.npy,0
spc_08405.npy,0
spc_08408.npy,0
spc_08409.npy,1
spc_08411.npy,0
spc_08412.npy,1
spc_08413.npy,0
spc_08415.npy,0
spc_08416.npy,0
spc_08418.npy,0
spc_08420.npy,0
spc_08421.npy,0
spc_08423.npy,0
spc_08424.npy,0
spc_08425.npy,1
spc_08426.npy,0
spc_08428.npy,1
spc_08430.npy,0
spc_08432.npy,0
spc_08433.npy,0
spc_08434.npy,1
spc_08435.npy,0
spc_08437.npy,1
spc_08438.npy,1
spc_08439.npy,1
spc_08440.npy,0
spc_08441.npy,0
spc_08442.npy,1
spc_08443.npy,0
spc_08444.npy,0
spc_08445.npy,1
spc_08446.npy,0
spc_08447.npy,1
spc_08448.npy,0
spc_08449.npy,1
spc_08450.npy,0
spc_08451.npy,0
spc_08453.npy,0
spc_08455.npy,0
spc_08457.npy,0
spc_08458.npy,0
spc_08459.npy,0
spc_08460.npy,1
spc_08462.npy,0
spc_08463.npy,0
spc_08464.npy,1
spc_08465.npy,1
spc_08466.npy,0
spc_08467.npy,1
spc_08468.npy,1
spc_08469.npy,0
spc_08470.npy,0
spc_08472.npy,0
spc_08474.npy,0
spc_08475.npy,1
spc_08476.npy,1
spc_08477.npy,0
spc_08479.npy,0
spc_08480.npy,1
spc_08481.npy,0
spc_08483.npy,1
spc_08484.npy,1
spc_08487.npy,1
spc_08489.npy,1
spc_08492.npy,0
spc_08493.npy,1
spc_08494.npy,0
spc_08496.npy,0
spc_08497.npy,1
spc_08498.npy,1
spc_08499.npy,0
spc_08500.npy,0
spc_08501.npy,0
spc_08502.npy,0
spc_08505.npy,0
spc_08507.npy,0
spc_08508.npy,1
spc_08510.npy,0
spc_08511.npy,0
spc_08512.npy,0
spc_08514.npy,0
spc_08518.npy,1
spc_08520.npy,0
spc_08521.npy,0
spc_08523.npy,0
spc_08525.npy,0
spc_08526.npy,0
spc_08528.npy,0
spc_08529.npy,0
spc_08530.npy,0
spc_08533.npy,1
spc_08534.npy,0
spc_08535.npy,1
spc_08536.npy,0
spc_08537.npy,1
spc_08538.npy,1
spc_08539.npy,0
spc_08540.npy,0
spc_08542.npy,1
spc_08543.npy,0
spc_08544.npy,0
spc_08545.npy,0
spc_08548.npy,1
spc_08549.npy,0
spc_08551.npy,0
spc_08552.npy,0
spc_08553.npy,0
spc_08554.npy,1
spc_08555.npy,0
spc_08556.npy,1
spc_08557.npy,0
spc_08560.npy,1
spc_08561.npy,0
spc_08564.npy,0
spc_08565.npy,0
spc_08566.npy,0
spc_08569.npy,0
spc_08571.npy,1
spc_08573.npy,0
spc_08575.npy,0
spc_08577.npy,0
spc_08578.npy,0
spc_08580.npy,1
spc_08581.npy,0
spc_08582.npy,1
spc_08584.npy,0
spc_08586.npy,1
spc_08587.npy,0
spc_08588.npy,0
spc_08589.npy,0
spc_08590.npy,0
spc_08591.npy,0
spc_08593.npy,0
spc_08594.npy,0
spc_08595.npy,1
spc_08597.npy,0
spc_08598.npy,0
spc_08599.npy,0
spc_08601.npy,0
spc_08604.npy,0
spc_08605.npy,0
spc_08606.npy,1
spc_08607.npy,0
spc_08608.npy,0
spc_08610.npy,1
spc_08612.npy,0
spc_08613.npy,0
spc_08615.npy,0
spc_08616.npy,0
spc_08617.npy,1
spc_08622.npy,0
spc_08623.npy,1
spc_08624.npy,0
spc_08625.npy,1
spc_08626.npy,1
spc_08628.npy,0
spc_08630.npy,1
spc_08632.npy,0
spc_08633.npy,1
spc_08635.npy,0
spc_08636.npy,0
spc_08638.npy,1
spc_08639.npy,0
spc_08640.npy,0
spc_08642.npy,0
spc_08646.npy,1
spc_08647.npy,1
spc_08649.npy,0
spc_08650.npy,0
spc_08651.npy,1
spc_08652.npy,1
spc_08653.npy,1
spc_08656.npy,0
spc_08659.npy,1
spc_08662.npy,1
spc_08664.npy,1
spc_08667.npy,0
spc_08669.npy,0
spc_08670.npy,0
spc_08672.npy,1
spc_08673.npy,0
spc_08674.npy,0
spc_08677.npy,0
spc_08678.npy,0
spc_08680.npy,0
spc_08681.npy,1
spc_08682.npy,0
spc_08683.npy,0
spc_08684.npy,0
spc_08687.npy,0
spc_08689.npy,0
spc_08690.npy,0
spc_08691.npy,0
spc_08693.npy,0
spc_08694.npy,0
spc_08695.npy,0
spc_08696.npy,0
spc_08697.npy,1
spc_08698.npy,0
spc_08702.npy,0
spc_08703.npy,1
spc_08704.npy,1
spc_08705.npy,1
spc_08706.npy,0
spc_08710.npy,0
spc_08713.npy,0
spc_08714.npy,0
spc_08716.npy,0
spc_08720.npy,0
spc_08721.npy,1
spc_08722.npy,0
spc_08723.npy,0
spc_08725.npy,0
spc_08726.npy,0
spc_08730.npy,0
spc_08735.npy,0
spc_08736.npy,0
spc_08737.npy,0
spc_08740.npy,1
spc_08741.npy,0
spc_08742.npy,0
spc_08743.npy,0
spc_08744.npy,0
spc_08745.npy,0
spc_08748.npy,1
spc_08749.npy,0
spc_08750.npy,0
spc_08751.npy,0
spc_08752.npy,0
spc_08753.npy,0
spc_08754.npy,0
spc_08755.npy,0
spc_08757.npy,1
spc_08758.npy,1
spc_08759.npy,1
spc_08763.npy,0
spc_08766.npy,0
spc_08767.npy,0
spc_08772.npy,0
spc_08773.npy,1
spc_08774.npy,0
spc_08775.npy,0
spc_08776.npy,0
spc_08777.npy,1
spc_08779.npy,1
spc_08780.npy,1
spc_08781.npy,0
spc_08783.npy,1
spc_08784.npy,1
spc_08786.npy,1
spc_08787.npy,0
spc_08790.npy,1
spc_08791.npy,0
spc_08795.npy,0
spc_08796.npy,0
spc_08798.npy,0
spc_08799.npy,1
spc_08800.npy,0
spc_08801.npy,1
spc_08802.npy,0
spc_08803.npy,0
spc_08806.npy,0
spc_08807.npy,0
spc_08811.npy,1
spc_08812.npy,1
spc_08813.npy,0
spc_08814.npy,0
spc_08816.npy,0
spc_08817.npy,0
spc_08820.npy,1
spc_08821.npy,0
spc_08822.npy,0
spc_08823.npy,0
spc_08824.npy,0
spc_08825.npy,0
spc_08826.npy,0
spc_08827.npy,0
spc_08828.npy,0
spc_08829.npy,1
spc_08830.npy,0
spc_08831.npy,0
spc_08832.npy,0
spc_08835.npy,0
spc_08837.npy,0
spc_08838.npy,0
spc_08839.npy,1
spc_08840.npy,1
spc_08841.npy,1
spc_08842.npy,1
spc_08844.npy,1
spc_08846.npy,0
spc_08848.npy,0
spc_08850.npy,1
spc_08851.npy,0
spc_08852.npy,1
spc_08854.npy,1
spc_08855.npy,0
spc_08856.npy,0
spc_08858.npy,0
spc_08860.npy,0
spc_08861.npy,1
spc_08862.npy,1
spc_08866.npy,0
spc_08867.npy,0
spc_08869.npy,0
spc_08870.npy,0
spc_08872.npy,0
spc_08873.npy,0
spc_08876.npy,1
spc_08877.npy,0
spc_08878.npy,1
spc_08879.npy,0
spc_08880.npy,0
spc_08881.npy,0
spc_08882.npy,1
spc_08883.npy,0
spc_08885.npy,1
spc_08886.npy,0
spc_08887.npy,1
spc_08888.npy,0
spc_08889.npy,0
spc_08890.npy,0
spc_08891.npy,0
spc_08893.npy,0
spc_08894.npy,1
spc_08896.npy,1
spc_08897.npy,0
spc_08898.npy,1
spc_08899.npy,1
spc_08900.npy,1
spc_08902.npy,1
spc_08904.npy,1
spc_08905.npy,0
spc_08906.npy,1
spc_08907.npy,1
spc_08908.npy,0
spc_08911.npy,1
spc_08913.npy,0
spc_08915.npy,0
spc_08916.npy,1
spc_08917.npy,0
spc_08918.npy,0
spc_08919.npy,0
spc_08921.npy,0
spc_08923.npy,0
spc_08924.npy,0
spc_08925.npy,1
spc_08928.npy,0
spc_08929.npy,1
spc_08931.npy,0
spc_08932.npy,1
spc_08933.npy,1
spc_08934.npy,1
spc_08935.npy,1
spc_08936.npy,1
spc_08937.npy,1
spc_08938.npy,0
spc_08939.npy,1
spc_08940.npy,1
spc_08942.npy,1
spc_08945.npy,1
spc_08947.npy,0
spc_08949.npy,1
spc_08953.npy,1
spc_08955.npy,1
spc_08956.npy,0
spc_08959.npy,0
spc_08960.npy,1
spc_08962.npy,1
spc_08963.npy,1
spc_08965.npy,1
spc_08966.npy,0
spc_08967.npy,0
spc_08969.npy,1
spc_08970.npy,0
spc_08971.npy,0
spc_08972.npy,1
spc_08974.npy,0
spc_08975.npy,1
spc_08976.npy,1
spc_08977.npy,1
spc_08978.npy,0
spc_08980.npy,0
spc_08981.npy,1
spc_08983.npy,1
spc_08984.npy,0
spc_08985.npy,0
spc_08986.npy,0
spc_08989.npy,0
spc_08990.npy,1
spc_08991.npy,1
spc_08992.npy,1
spc_08994.npy,0
spc_08995.npy,1
spc_08996.npy,1
spc_08997.npy,1
spc_08999.npy,0
